seed,R,C,M,epsilon,epsilon_euclid1,epsilon_euclid2
91502404.0,4.0,10.0,4.0,0.0002231545931664,0.0001126710245023,6.855313186774306e-05
91502404.0,8.0,10.0,4.0,0.0007496228543907,0.0004307450766781,0.0002582633506429
91502404.0,16.0,10.0,4.0,0.0008827047350126,0.0004413528953699,0.0002658706634966
91502404.0,32.0,10.0,4.0,0.0004905063821694,0.0002812712246373,0.0001590250582964
91502404.0,64.0,10.0,4.0,0.000358896207127,0.000179448631427,0.0001045422180703
91502404.0,128.0,10.0,4.0,0.0006873579055026,0.000397156338041,0.000237456111592
91502404.0,256.0,10.0,4.0,0.0005637284781665,0.0003151520243267,0.000181155658084
91502404.0,512.0,10.0,4.0,0.0007153352068265,0.0003576670755496,0.0002132374525434
91502404.0,1024.0,10.0,4.0,0.0007787670697447,0.0005520512938657,0.0002919306823254
91502404.0,2048.0,10.0,4.0,0.0007182246989383,0.0003591128773328,0.0002300402552483
91502404.0,4096.0,10.0,4.0,0.0008795764575046,0.000484947458274,0.0002998057379534
91502404.0,8192.0,10.0,4.0,0.0008414546873518,0.0004207278715395,0.0002504682915744
91502404.0,16384.0,10.0,4.0,0.0006804837107055,0.0003402413274891,0.0002040709134618
91502404.0,32768.0,10.0,4.0,0.0008940866630277,0.0004994576637969,0.0003049080663027
91502404.0,65536.0,10.0,4.0,0.0008727492673373,0.0004781202681067,0.0002969315479399
91502404.0,131072.0,10.0,4.0,0.0008616103234748,0.0004669813242442,0.0002919648221091
91502404.0,262144.0,10.0,4.0,0.0008598927202687,0.000465263721038,0.000291035121189
91502404.0,524288.0,10.0,4.0,0.0008556512336318,0.0004610222344011,0.0002898433579499
91502404.0,4.0,1000.0,4.0,0.0002231545931664,0.0001126710245023,6.855313186774306e-05
91502404.0,8.0,1000.0,4.0,0.0007496228543907,0.0004307450766781,0.0002582633506429
91502404.0,16.0,1000.0,4.0,0.0008827047350126,0.0004413528953699,0.0002658706634966
91502404.0,32.0,1000.0,4.0,0.0004905063821694,0.0002812712246373,0.0001590250582964
91502404.0,64.0,1000.0,4.0,0.000358896207127,0.000179448631427,0.0001045422180703
91502404.0,128.0,1000.0,4.0,0.0006873579055026,0.000397156338041,0.000237456111592
91502404.0,256.0,1000.0,4.0,0.0005637284781665,0.0003151520243267,0.000181155658084
91502404.0,512.0,1000.0,4.0,0.0007153352068265,0.0003576670755496,0.0002132374525434
91502404.0,1024.0,1000.0,4.0,0.0007787670697447,0.0005520512938657,0.0002919306823254
91502404.0,2048.0,1000.0,4.0,0.0007182246989383,0.0003591128773328,0.0002300402552483
91502404.0,4096.0,1000.0,4.0,0.0008795764575046,0.000484947458274,0.0002998057379534
91502404.0,8192.0,1000.0,4.0,0.0008414546873518,0.0004207278715395,0.0002504682915744
91502404.0,16384.0,1000.0,4.0,0.0006804837107055,0.0003402413274891,0.0002040709134618
91502404.0,32768.0,1000.0,4.0,0.0008940866630277,0.0004994576637969,0.0003049080663027
91502404.0,65536.0,1000.0,4.0,0.0008727492673373,0.0004781202681067,0.0002969315479399
91502404.0,131072.0,1000.0,4.0,0.0008616103234748,0.0004669813242442,0.0002919648221091
91502404.0,262144.0,1000.0,4.0,0.0008598927202687,0.000465263721038,0.000291035121189
91502404.0,524288.0,1000.0,4.0,0.0008556512336318,0.0004610222344011,0.0002898433579499
91502404.0,4.0,10.0,8.0,9.958073394101472,3.9899645836663455,1.9266409013268009
91502404.0,8.0,10.0,8.0,5.54729858098849,2.0038553379240573,1.0632404859304887
91502404.0,16.0,10.0,8.0,1.8840565784530725,0.7561405890343212,0.3854823384137559
91502404.0,32.0,10.0,8.0,0.6738317399234548,0.1728726931160753,0.1050552238033144
91502404.0,64.0,10.0,8.0,0.3607523242444301,0.1191571252844569,0.0674386548210971
91502404.0,128.0,10.0,8.0,0.3576552058895681,0.0793363219833521,0.0508187151524788
91502404.0,256.0,10.0,8.0,0.1552201947084472,0.0487797357527474,0.0258539529240717
91502404.0,512.0,10.0,8.0,0.1058256801210393,0.022928840182082,0.0162095950368615
91502404.0,1024.0,10.0,8.0,0.0513209559369236,0.0136023268872669,0.0079171419439856
91502404.0,2048.0,10.0,8.0,0.0530606039008303,0.016907821090293,0.009522851140377
91502404.0,4096.0,10.0,8.0,0.0450379820823265,0.0105829469274695,0.0072700805416489
91502404.0,8192.0,10.0,8.0,0.0367812843657526,0.0098635178736492,0.0058590035924893
91502404.0,16384.0,10.0,8.0,0.0247518598915594,0.0047483914800136,0.0032782398626503
91502404.0,32768.0,10.0,8.0,0.015391290268329,0.0040684793238171,0.0024032830774582
91502404.0,65536.0,10.0,8.0,0.0067136409152253,0.0018548991122433,0.0010203398092056
91502404.0,131072.0,10.0,8.0,0.0043554053991239,0.0013234624916694,0.0007320450622884
91502404.0,262144.0,10.0,8.0,0.0050969196772212,0.0011054458322264,0.0006767844524459
91502404.0,524288.0,10.0,8.0,0.0031338362801482,0.0012528980469763,0.000592641027798
91502404.0,4.0,1000.0,8.0,999.9580733941016,382.9743395836663,194.2586497843629
91502404.0,8.0,1000.0,8.0,5.54729858098849,2.0038553379240573,1.0632404859304887
91502404.0,16.0,1000.0,8.0,1.8840565784530725,0.7561405890343212,0.3854823384137559
91502404.0,32.0,1000.0,8.0,0.6738317399234548,0.1728726931160753,0.1050552238033144
91502404.0,64.0,1000.0,8.0,0.3607523242444301,0.1191571252844569,0.0674386548210971
91502404.0,128.0,1000.0,8.0,0.3576552058895681,0.0793363219833521,0.0508187151524788
91502404.0,256.0,1000.0,8.0,0.1552201947084472,0.0487797357527474,0.0258539529240717
91502404.0,512.0,1000.0,8.0,0.1058256801210393,0.022928840182082,0.0162095950368615
91502404.0,1024.0,1000.0,8.0,0.0513209559369236,0.0136023268872669,0.0079171419439856
91502404.0,2048.0,1000.0,8.0,0.0530606039008303,0.016907821090293,0.009522851140377
91502404.0,4096.0,1000.0,8.0,0.0450379820823265,0.0105829469274695,0.0072700805416489
91502404.0,8192.0,1000.0,8.0,0.0367812843657526,0.0098635178736492,0.0058590035924893
91502404.0,16384.0,1000.0,8.0,0.0247518598915594,0.0047483914800136,0.0032782398626503
91502404.0,32768.0,1000.0,8.0,0.015391290268329,0.0040684793238171,0.0024032830774582
91502404.0,65536.0,1000.0,8.0,0.0067136409152253,0.0018548991122433,0.0010203398092056
91502404.0,131072.0,1000.0,8.0,0.0043554053991239,0.0013234624916694,0.0007320450622884
91502404.0,262144.0,1000.0,8.0,0.0050969196772212,0.0011054458322264,0.0006767844524459
91502404.0,524288.0,1000.0,8.0,0.0031338362801482,0.0012528980469763,0.000592641027798
91502404.0,4.0,10.0,16.0,14.222236556247536,4.256854693767394,1.467777958575721
91502404.0,8.0,10.0,16.0,8.49095305059586,3.268961027866179,1.0207461871574786
91502404.0,16.0,10.0,16.0,3.8846026086156384,0.9329494778037816,0.3539659840398447
91502404.0,32.0,10.0,16.0,2.7222220399725696,1.231845542949959,0.3846832739503178
91502404.0,64.0,10.0,16.0,1.6034154367888769,0.5278870588145504,0.1867389835623888
91502404.0,128.0,10.0,16.0,1.428598592549965,0.4845658261943061,0.165328719344078
91502404.0,256.0,10.0,16.0,1.1796117589300428,0.3016702964488136,0.1140450194991118
91502404.0,512.0,10.0,16.0,0.8233416034311385,0.1489214168967871,0.07079340070588
91502404.0,1024.0,10.0,16.0,0.3875190315806307,0.1076104451899198,0.043395050077097
91502404.0,2048.0,10.0,16.0,0.3473575336784513,0.0829183055541548,0.035308322344092
91502404.0,4096.0,10.0,16.0,0.313696572759512,0.0532313190770698,0.0244423476314154
91502404.0,8192.0,10.0,16.0,0.3002897040482075,0.0599136923571954,0.0260220042639272
91502404.0,16384.0,10.0,16.0,0.176157413493788,0.034728129809862,0.0148350165898141
91502404.0,32768.0,10.0,16.0,0.1029678047516919,0.0336207806895317,0.0137382645112099
91502404.0,65536.0,10.0,16.0,0.0813723903109098,0.0219159571245542,0.0087872914646398
91502404.0,131072.0,10.0,16.0,0.0689980800647638,0.0174336076808039,0.0069859302742253
91502404.0,262144.0,10.0,16.0,0.0484226510880243,0.0117610406893068,0.0047500846806185
91502404.0,524288.0,10.0,16.0,0.0518561635293508,0.0102443373966977,0.0042816031832977
91502404.0,4.0,1000.0,16.0,1428.508941573337,373.2982168578486,126.41284087132183
91502404.0,8.0,1000.0,16.0,694.0145386001242,260.1469462899784,86.83768809328038
91502404.0,16.0,1000.0,16.0,3.8846026086156384,0.9329494778037816,0.3539659840398447
91502404.0,32.0,1000.0,16.0,11.186939245365457,4.146071978109314,1.4720744900341394
91502404.0,64.0,1000.0,16.0,4.578824357385331,1.287444771588497,0.4849795645443389
91502404.0,128.0,1000.0,16.0,3.0819416475140966,0.642127179651609,0.2583215435671402
91502404.0,256.0,1000.0,16.0,3.1886491269639667,0.5490387720533949,0.2529767344089813
91502404.0,512.0,1000.0,16.0,1.0467223224243427,0.1756226885665471,0.0872083094423443
91502404.0,1024.0,1000.0,16.0,0.3875190315806307,0.1076104451899198,0.043395050077097
91502404.0,2048.0,1000.0,16.0,0.3473575336784513,0.0829183055541548,0.035308322344092
91502404.0,4096.0,1000.0,16.0,0.313696572759512,0.0532313190770698,0.0244423476314154
91502404.0,8192.0,1000.0,16.0,0.3002897040482075,0.0599136923571954,0.0260220042639272
91502404.0,16384.0,1000.0,16.0,0.176157413493788,0.034728129809862,0.0148350165898141
91502404.0,32768.0,1000.0,16.0,0.1029678047516919,0.0336207806895317,0.0137382645112099
91502404.0,65536.0,1000.0,16.0,0.0813723903109098,0.0219159571245542,0.0087872914646398
91502404.0,131072.0,1000.0,16.0,0.0689980800647638,0.0174336076808039,0.0069859302742253
91502404.0,262144.0,1000.0,16.0,0.0484226510880243,0.0117610406893068,0.0047500846806185
91502404.0,524288.0,1000.0,16.0,0.0518561635293508,0.0102443373966977,0.0042816031832977
91502404.0,4.0,10.0,32.0,25.674586831569226,8.55553900398924,1.796845197412154
91502404.0,8.0,10.0,32.0,7.425062389314965,2.829016736818728,0.641155965804967
91502404.0,16.0,10.0,32.0,5.751522035602336,1.798329921574473,0.4163563535912169
91502404.0,32.0,10.0,32.0,3.886520344474061,1.3159214311924856,0.3012704481817511
91502404.0,64.0,10.0,32.0,5.2868795511894415,2.6014735878626007,0.5285307060225108
91502404.0,128.0,10.0,32.0,4.40219351856404,2.2991844892426374,0.4701062839926908
91502404.0,256.0,10.0,32.0,1.4645343180816766,0.5236647589678569,0.1243048055313705
91502404.0,512.0,10.0,32.0,0.8667796096585114,0.3180998147609334,0.0698144535275943
91502404.0,1024.0,10.0,32.0,0.8096847915148428,0.2425256040782703,0.0588892261822081
91502404.0,2048.0,10.0,32.0,0.6216311185653531,0.1669462187616628,0.0426167408284431
91502404.0,4096.0,10.0,32.0,0.4117271825264441,0.115785754432683,0.0282938305646018
91502404.0,8192.0,10.0,32.0,0.2256033542034896,0.0669095110749452,0.015908500508681
91502404.0,16384.0,10.0,32.0,0.2002044098763531,0.0532229106692956,0.0133607497914855
91502404.0,32768.0,10.0,32.0,0.112006814687275,0.0370083452749701,0.0089336897555997
91502404.0,65536.0,10.0,32.0,0.0717840309658579,0.0248103571303504,0.0058335053699089
91502404.0,131072.0,10.0,32.0,0.088270664785695,0.0269544860089098,0.0069985520624711
91502404.0,262144.0,10.0,32.0,0.0565403755427089,0.0194744156506842,0.0046915623711674
91502404.0,524288.0,10.0,32.0,0.0344984568917303,0.0109088741973593,0.0027195326936037
91502404.0,4.0,1000.0,32.0,2871.660930700597,975.2999737728644,202.85581426277272
91502404.0,8.0,1000.0,32.0,964.878516505742,351.6179583700936,75.53843043853178
91502404.0,16.0,1000.0,32.0,627.4093458411354,196.8130928120787,47.561895134309246
91502404.0,32.0,1000.0,32.0,64.7211860559071,20.320571549820787,4.870019277296677
91502404.0,64.0,1000.0,32.0,671.8942236052022,334.527127817734,69.58249015280099
91502404.0,128.0,1000.0,32.0,288.7778981823133,123.16743360827074,26.43025820293166
91502404.0,256.0,1000.0,32.0,1.4609750162442428,0.5489779762126759,0.1251574857961548
91502404.0,512.0,1000.0,32.0,1.018148361717174,0.285128901900884,0.069660663528546
91502404.0,1024.0,1000.0,32.0,0.7294544598172206,0.2300886768067673,0.0571450963109513
91502404.0,2048.0,1000.0,32.0,0.6042978779969395,0.1872254655271765,0.0448968857302947
91502404.0,4096.0,1000.0,32.0,0.4343774876674104,0.1371529635245227,0.0336047227551832
91502404.0,8192.0,1000.0,32.0,0.3092125982995277,0.0925293464116283,0.0232042306753758
91502404.0,16384.0,1000.0,32.0,0.2403193720332981,0.0646890449586774,0.0159604756184395
91502404.0,32768.0,1000.0,32.0,0.1375229946031209,0.0361439546662613,0.0091194509609957
91502404.0,65536.0,1000.0,32.0,0.0792799787998905,0.0287831075132527,0.0066971218102468
91502404.0,131072.0,1000.0,32.0,0.1109472722209257,0.0376076848572647,0.0090866297819236
91502404.0,262144.0,1000.0,32.0,0.0774664218936016,0.0257311134237607,0.0064299082575216
91502404.0,524288.0,1000.0,32.0,0.043920483314825,0.0122656434421526,0.0030246728767085
91502404.0,4.0,10.0,64.0,34.25011698571708,11.969849502408234,1.7795881435670278
91502404.0,8.0,10.0,64.0,20.845446552431127,6.695545103887379,1.0243961180856076
91502404.0,16.0,10.0,64.0,10.73721287049584,3.770811085032301,0.5926801480227517
91502404.0,32.0,10.0,64.0,7.8846410162041725,2.513103407862185,0.3943245917184869
91502404.0,64.0,10.0,64.0,6.352842907939268,2.280278385145496,0.349090296860416
91502404.0,128.0,10.0,64.0,3.89150723751992,1.3046868162793044,0.1994049284781723
91502404.0,256.0,10.0,64.0,1.4680454817311968,0.5262556369806446,0.0820886650860874
91502404.0,512.0,10.0,64.0,1.2269696027966082,0.3749572082586875,0.0616788076967952
91502404.0,1024.0,10.0,64.0,0.8169721866540365,0.2721502082627235,0.0459391797851927
91502404.0,2048.0,10.0,64.0,0.6979535848113212,0.1856068767886404,0.0303862626882787
91502404.0,4096.0,10.0,64.0,0.5671287399782523,0.1754363783042959,0.0272090624455452
91502404.0,8192.0,10.0,64.0,0.401482201451341,0.1114656290836777,0.0183521835787248
91502404.0,16384.0,10.0,64.0,0.3113946136747403,0.0994675538972539,0.0167171464330991
91502404.0,32768.0,10.0,64.0,0.3739376050614629,0.0836318818053173,0.0147063589113079
91502404.0,65536.0,10.0,64.0,0.2126465740409582,0.065437955110355,0.0103285294846638
91502404.0,131072.0,10.0,64.0,0.1433137428432722,0.0372625835865526,0.0060992546069735
91502404.0,262144.0,10.0,64.0,0.1434871017333643,0.0406840062376068,0.0067155775798267
91502404.0,524288.0,10.0,64.0,0.0466483359552682,0.0139176501906033,0.0022447009909488
91502404.0,4.0,1000.0,64.0,3540.312211747392,1326.620820112499,196.5288993365761
91502404.0,8.0,1000.0,64.0,2211.151726905742,753.5773585521217,113.64280246254523
91502404.0,16.0,1000.0,64.0,1252.8624319398623,458.1111926847193,69.91570556830229
91502404.0,32.0,1000.0,64.0,984.3789316995768,376.5099576795628,57.97659815869546
91502404.0,64.0,1000.0,64.0,943.7361032401052,336.7952476392789,51.07305254827461
91502404.0,128.0,1000.0,64.0,320.26846798609824,113.8832904514467,17.797497729038447
91502404.0,256.0,1000.0,64.0,245.26569377565843,90.64804433337238,14.273736987410134
91502404.0,512.0,1000.0,64.0,42.90169760795407,13.400525013353668,2.07665179530142
91502404.0,1024.0,1000.0,64.0,12.846945438745315,4.351776986835493,0.6513916461383514
91502404.0,2048.0,1000.0,64.0,3.981556496000538,1.324942508205582,0.2096130312383345
91502404.0,4096.0,1000.0,64.0,2.3620731838780653,0.6830381849883344,0.1127520081716001
91502404.0,8192.0,1000.0,64.0,1.860269105328045,0.5829397516256875,0.0957183687370698
91502404.0,16384.0,1000.0,64.0,1.4609695038043098,0.3272901140987445,0.0571539128497476
91502404.0,32768.0,1000.0,64.0,0.3606268384411693,0.1062313421548711,0.0171232570511048
91502404.0,65536.0,1000.0,64.0,0.652710618275222,0.1563570485701005,0.0280075303841874
91502404.0,131072.0,1000.0,64.0,0.3922561593023066,0.0974390021648488,0.0165088090524921
91502404.0,262144.0,1000.0,64.0,0.2804973517146552,0.078844285014869,0.0138413204588396
91502404.0,524288.0,1000.0,64.0,0.1127024999906254,0.0281170735573515,0.0046694198613108
91502404.0,4.0,10.0,128.0,44.603828953488375,15.462354515867643,1.587838376876212
91502404.0,8.0,10.0,128.0,32.62557399719626,11.746123030338987,1.1974385861088197
91502404.0,16.0,10.0,128.0,19.328340024262413,6.792523770152373,0.7179957556091311
91502404.0,32.0,10.0,128.0,18.66583890812384,6.758110700327188,0.6941566758742088
91502404.0,64.0,10.0,128.0,14.397591769689502,5.258495247931594,0.5594027502120562
91502404.0,128.0,10.0,128.0,8.604654631172249,3.0075676688662414,0.313772061442563
91502404.0,256.0,10.0,128.0,4.724012095769987,1.4841050326170406,0.156919495679996
91502404.0,512.0,10.0,128.0,3.8186728893267374,0.8781297036336525,0.1009321490942728
91502404.0,1024.0,10.0,128.0,1.9354239540547344,0.5478137496519306,0.0615466949893099
91502404.0,2048.0,10.0,128.0,2.4286863900440485,0.5953927084073191,0.0710280847455828
91502404.0,4096.0,10.0,128.0,1.1942781134692493,0.3338770323538917,0.0389584121235791
91502404.0,8192.0,10.0,128.0,0.6102916160825522,0.1520170170438824,0.0174249647537947
91502404.0,16384.0,10.0,128.0,0.3327446959353826,0.094115773268202,0.0101628587025506
91502404.0,32768.0,10.0,128.0,0.2367066994654663,0.0676735391574599,0.0074871278535366
91502404.0,65536.0,10.0,128.0,0.1943039638150838,0.0586086135388266,0.0066619730663502
91502404.0,131072.0,10.0,128.0,0.1715700594418412,0.0556087532277406,0.0063600093878226
91502404.0,262144.0,10.0,128.0,0.2145784480406511,0.066293010351906,0.0074947892157747
91502404.0,524288.0,10.0,128.0,0.1036822476566898,0.0296575743653244,0.0033529327148812
91502404.0,4.0,1000.0,128.0,3910.49568259219,1515.9611816096049,158.8395139405907
91502404.0,8.0,1000.0,128.0,3327.2532504339024,1294.2619738226822,136.36159104187288
91502404.0,16.0,1000.0,128.0,2345.978457888277,851.0901937316467,91.676503799434
91502404.0,32.0,1000.0,128.0,2059.385452569736,827.3469811317559,85.17471307610559
91502404.0,64.0,1000.0,128.0,1747.70163172481,603.3094211308551,62.84121459403274
91502404.0,128.0,1000.0,128.0,933.4525554120812,358.10015683024176,37.86711029568806
91502404.0,256.0,1000.0,128.0,455.4204177540009,183.937027794749,18.93335983739401
91502404.0,512.0,1000.0,128.0,288.5972532380488,100.0988943129985,10.850892471127263
91502404.0,1024.0,1000.0,128.0,14.528441137259913,4.106511503564269,0.4872079241467583
91502404.0,2048.0,1000.0,128.0,6.576411215252445,1.8250002846152864,0.206430939760999
91502404.0,4096.0,1000.0,128.0,3.320186711363162,0.8042629601665094,0.0913264424429978
91502404.0,8192.0,1000.0,128.0,2.9478911299755017,1.0847752640410682,0.1138979663696779
91502404.0,16384.0,1000.0,128.0,1.444557307397849,0.4550273144129478,0.0504445848757147
91502404.0,32768.0,1000.0,128.0,1.8469019068638304,0.4749967285265798,0.0535557363555537
91502404.0,65536.0,1000.0,128.0,0.7782191971965458,0.2076459886257695,0.0238278292592302
91502404.0,131072.0,1000.0,128.0,0.4886945256346284,0.1260176031782719,0.0142858072337842
91502404.0,262144.0,1000.0,128.0,0.2917312109272711,0.0503870419282015,0.0060073835428582
91502404.0,524288.0,1000.0,128.0,0.1824695312899571,0.0708318219873621,0.0075289252181299
91502404.0,4.0,10.0,256.0,65.1341530240376,25.427180970709955,1.845008713926917
91502404.0,8.0,10.0,256.0,47.778382121066464,16.12957650935651,1.1642220219026698
91502404.0,16.0,10.0,256.0,35.06500000255253,12.10347772716074,0.8772857187973557
91502404.0,32.0,10.0,256.0,24.693159495382908,8.549340193717779,0.6098292818452686
91502404.0,64.0,10.0,256.0,12.737467080880986,4.914877279245113,0.354809329810789
91502404.0,128.0,10.0,256.0,10.692656128034027,4.423581121393758,0.3187372143309855
91502404.0,256.0,10.0,256.0,5.741763691450943,2.2898879801250747,0.168451399543825
91502404.0,512.0,10.0,256.0,4.449263819951176,1.400828467199553,0.1050525134146526
91502404.0,1024.0,10.0,256.0,4.241423946868291,1.4034819650718446,0.1019852790714648
91502404.0,2048.0,10.0,256.0,2.003916808039646,0.7646910000790846,0.0555045826066911
91502404.0,4096.0,10.0,256.0,1.3939968814867831,0.4344386833173085,0.0329849810163855
91502404.0,8192.0,10.0,256.0,0.6818590796476416,0.1898230092208227,0.0151000989874208
91502404.0,16384.0,10.0,256.0,0.5620992072377722,0.1371262856903712,0.0111017478374231
91502404.0,32768.0,10.0,256.0,0.3976247927506309,0.1033501949967517,0.0082476477366493
91502404.0,65536.0,10.0,256.0,0.3125442485851391,0.097832973595194,0.0078889660622468
91502404.0,131072.0,10.0,256.0,0.2121919540854984,0.0589126500107668,0.0046888215018567
91502404.0,262144.0,10.0,256.0,0.1916323294858957,0.0550245691656096,0.0042470686047937
91502404.0,524288.0,10.0,256.0,0.1668171019374167,0.0482430562573472,0.0037801264471403
91502404.0,4.0,1000.0,256.0,7019.546601384783,2830.197911129894,202.74377214054067
91502404.0,8.0,1000.0,256.0,5028.636745326302,1680.6131872886417,122.38052795600952
91502404.0,16.0,1000.0,256.0,3574.231253697989,1250.2156682727373,89.45154397820735
91502404.0,32.0,1000.0,256.0,2221.53635683543,935.3588163888344,66.0754815793558
91502404.0,64.0,1000.0,256.0,1983.229821634636,767.460811449718,54.51646144237307
91502404.0,128.0,1000.0,256.0,1384.457394860028,527.5097997237281,37.8789607978257
91502404.0,256.0,1000.0,256.0,920.2192849385772,391.3322460337664,27.88856033449164
91502404.0,512.0,1000.0,256.0,548.4625412225045,241.2509883496451,17.347582864179778
91502404.0,1024.0,1000.0,256.0,308.51076367298725,143.23434588748057,10.11069517673326
91502404.0,2048.0,1000.0,256.0,273.165889972855,109.89642189231849,7.937614652431973
91502404.0,4096.0,1000.0,256.0,23.56375869052416,9.749055998276836,0.7082633263459271
91502404.0,8192.0,1000.0,256.0,11.0191287724684,4.321154216894888,0.3147470892118112
91502404.0,16384.0,1000.0,256.0,2.5446100989941893,0.9128475091389858,0.0670526411302347
91502404.0,32768.0,1000.0,256.0,3.1462297610691827,1.30770747212626,0.093372525382581
91502404.0,65536.0,1000.0,256.0,0.9985194232584682,0.3348453852095071,0.0254233776011501
91502404.0,131072.0,1000.0,256.0,0.9179069824508684,0.2442285344347285,0.0203737109250636
91502404.0,262144.0,1000.0,256.0,0.5608658880964814,0.160409713752651,0.0130718799023963
91502404.0,524288.0,1000.0,256.0,0.4635427552402147,0.1299635845775896,0.0102946467036791
91502404.0,4.0,10.0,512.0,104.05568986314572,31.723360842596858,1.5972543398410526
91502404.0,8.0,10.0,512.0,64.54382524129701,22.36841853368484,1.1241432693123576
91502404.0,16.0,10.0,512.0,41.67663906360703,15.570652696418026,0.7694091217555273
91502404.0,32.0,10.0,512.0,32.80738993617799,12.093908075962617,0.6058716786922498
91502404.0,64.0,10.0,512.0,21.519960000709883,9.31690585150146,0.4658674216880445
91502404.0,128.0,10.0,512.0,16.771414787725195,6.672039097799193,0.3376148146077889
91502404.0,256.0,10.0,512.0,11.067632810003657,3.811105785757558,0.1913263619953027
91502404.0,512.0,10.0,512.0,6.601489521382791,2.706483204446278,0.1372587407220709
91502404.0,1024.0,10.0,512.0,5.018448170388518,1.877092772349707,0.0945100171377699
91502404.0,2048.0,10.0,512.0,3.2752695379469667,1.2764666556277795,0.0646494771913297
91502404.0,4096.0,10.0,512.0,1.6429744337666785,0.4261102759638576,0.0228039536714785
91502404.0,8192.0,10.0,512.0,1.0645261483320576,0.3225895164143465,0.017109957737845
91502404.0,16384.0,10.0,512.0,0.6773975763732443,0.2073066707125712,0.0111875024162133
91502404.0,32768.0,10.0,512.0,0.6599033222294919,0.1970967798839842,0.0103786664255486
91502404.0,65536.0,10.0,512.0,0.4660388702368179,0.1546734178183932,0.0080801799900125
91502404.0,131072.0,10.0,512.0,0.2554599398834174,0.0600282107201456,0.003304633729862
91502404.0,262144.0,10.0,512.0,0.1962027577153295,0.054444273900838,0.002974818151218
91502404.0,524288.0,10.0,512.0,0.1914047453122505,0.0513424667915652,0.0028618497031026
91502404.0,4.0,1000.0,512.0,10524.984625860783,3350.9011335811065,167.8497031169917
91502404.0,8.0,1000.0,512.0,6182.562388049972,2341.1730015093817,117.9474374332972
91502404.0,16.0,1000.0,512.0,4618.147763131328,1686.1154938846744,84.20649696918758
91502404.0,32.0,1000.0,512.0,3683.483562249488,1396.439687484973,69.54514815934763
91502404.0,64.0,1000.0,512.0,2322.377476569261,936.6679547682918,46.74206384680775
91502404.0,128.0,1000.0,512.0,1373.3175190228812,528.4648168594316,26.41205566171619
91502404.0,256.0,1000.0,512.0,1116.9477484350468,435.8316213006456,21.76534605306868
91502404.0,512.0,1000.0,512.0,614.5398429864587,261.11561531607623,12.916328556729788
91502404.0,1024.0,1000.0,512.0,632.3558699733973,282.5861284381395,13.9899843711692
91502404.0,2048.0,1000.0,512.0,235.1216822294448,101.38935678086708,5.027285652019388
91502404.0,4096.0,1000.0,512.0,27.81998249985505,11.977651580425166,0.5972744558634778
91502404.0,8192.0,1000.0,512.0,13.95497442430857,5.642034679837421,0.2888951217750513
91502404.0,16384.0,1000.0,512.0,6.1758033387910505,2.3322007037067563,0.1199529602941907
91502404.0,32768.0,1000.0,512.0,3.27469774408492,1.542253282980215,0.0768519023842118
91502404.0,65536.0,1000.0,512.0,1.8499251647563693,0.6860500642797867,0.0344499301290647
91502404.0,131072.0,1000.0,512.0,1.4244039980240366,0.4625515177975096,0.0257504598496701
91502404.0,1048576.0,10.0,4.0,0.0005006310737134,0.0002951477827141,0.0001653962122686
91502404.0,2097152.0,10.0,4.0,1.3780136399077492e-05,6.889540336008082e-06,4.062005968867886e-06
91502404.0,1048576.0,1000.0,4.0,0.0005006310737134,0.0002951477827141,0.0001653962122686
91502404.0,2097152.0,1000.0,4.0,1.3780136399077492e-05,6.889540336008082e-06,4.062005968867886e-06
91502404.0,1048576.0,10.0,8.0,0.0031232286014915,0.0007222824234299,0.0004267952822407
91502404.0,2097152.0,10.0,8.0,0.0026523359997974,0.0007660688288836,0.0004096452258588
91502404.0,1048576.0,1000.0,8.0,0.0031232286014915,0.0007222824234299,0.0004267952822407
91502404.0,2097152.0,1000.0,8.0,0.0026523359997974,0.0007660688288836,0.0004096452258588
91502404.0,1048576.0,10.0,16.0,0.0201480481220337,0.0072043720389102,0.0026856739295452
91502404.0,2097152.0,10.0,16.0,0.0157617702702135,0.0043203510097698,0.001672066773405
91502404.0,1048576.0,1000.0,16.0,0.0201480481220337,0.0072043720389102,0.0026856739295452
91502404.0,2097152.0,1000.0,16.0,0.0157617702702135,0.0043203510097698,0.001672066773405
91502404.0,1048576.0,10.0,32.0,0.0311372369917881,0.0076871854194825,0.0018882458865634
91502404.0,2097152.0,10.0,32.0,0.0141446449394635,0.0044897863807088,0.0010364278930484
91502404.0,1048576.0,1000.0,32.0,0.0251525199067872,0.0074528333019906,0.0018544085115074
91502404.0,2097152.0,1000.0,32.0,0.0149924844017053,0.0047863871393188,0.001195304091414
91502404.0,1048576.0,10.0,64.0,0.0330329458983962,0.0096083218022413,0.001552295662966
91502404.0,2097152.0,10.0,64.0,0.032034093117919,0.0081864504118258,0.001402319554001
91502404.0,1048576.0,1000.0,64.0,0.1150191294950415,0.0249173241737494,0.0044060019645333
91502404.0,2097152.0,1000.0,64.0,0.2472976361109244,0.05614137946308,0.0102601890156107
91502404.0,1048576.0,10.0,128.0,0.098274391450015,0.0198476709215855,0.0023255274336321
91502404.0,2097152.0,10.0,128.0,0.096223711415865,0.0254054412117915,0.0031088582424039
91502404.0,1048576.0,1000.0,128.0,0.3772985664987924,0.1199499514921209,0.0135223810646076
91502404.0,2097152.0,1000.0,128.0,0.2179850827939651,0.0755837603720528,0.0083847674855948
91502404.0,1048576.0,10.0,256.0,0.1000144363114152,0.0322503817844689,0.0025081211662137
91502404.0,2097152.0,10.0,256.0,0.1417466173770987,0.0387606138014201,0.0031328617987258
91502404.0,1048576.0,1000.0,256.0,0.2143447070814046,0.0710074602473639,0.0055637804876521
91502404.0,2097152.0,1000.0,256.0,0.1152417135339707,0.0366313268250618,0.0029017376074547
65784063.0,4.0,10.0,4.0,0.0003648314929582952,0.00019146476018672143,0.0001136693134828832
65784063.0,8.0,10.0,4.0,0.0002590862695743823,0.00012952054655546164,7.522371489406408e-05
65784063.0,16.0,10.0,4.0,0.00034166548148761855,0.00017081015251219078,0.00010678140667412442
65784063.0,32.0,10.0,4.0,0.000621200677930478,0.0004202094152123692,0.00023131172181315782
65784063.0,64.0,10.0,4.0,0.00045168417698826513,0.00026243638873560404,0.0001472887869019794
65784063.0,128.0,10.0,4.0,0.00047352345392370765,0.00023678431519355558,0.0001462570696747
65784063.0,256.0,10.0,4.0,0.00016846661007785535,0.00015986645561688606,7.999073641193002e-05
65784063.0,512.0,10.0,4.0,0.0003876464508788535,0.0002560817466276122,0.0001367567772699037
65784063.0,1024.0,10.0,4.0,0.0004976409407071447,0.0003242742079354044,0.00017747648084483748
65784063.0,2048.0,10.0,4.0,0.0007496463011232857,0.00037484573879326133,0.00024878560768638674
65784063.0,4096.0,10.0,4.0,0.00044881710735156233,0.0002754503745802106,0.00015075276142632754
65784063.0,8192.0,10.0,4.0,0.0007587375251018047,0.00037939135078263186,0.00023325864464617576
65784063.0,16384.0,10.0,4.0,0.0009054075700341002,0.00045272637324864085,0.0002747633782679955
65784063.0,32768.0,10.0,4.0,0.0010783105765856948,0.000552874202732534,0.00033604947829156363
65784063.0,65536.0,10.0,4.0,0.0007157103145183363,0.0003578777454905091,0.00022257829053445863
65784063.0,131072.0,10.0,4.0,0.0004159278879642958,0.00024256115519288857,0.00014665401607627795
65784063.0,262144.0,10.0,4.0,0.0004150367503231722,0.0002444224548860119,0.0001366623326729393
65784063.0,524288.0,10.0,4.0,0.00042822215448390377,0.0002140884890103334,0.00014066360655404204
65784063.0,1048576.0,10.0,4.0,0.0006482530324150027,0.00037746218865969405,0.00022612901631554328
65784063.0,2097152.0,10.0,4.0,0.0006429758658144102,0.0003753553999823467,0.0002238644043881198
65784063.0,4.0,1000.0,4.0,0.0003648314929582952,0.00019146476018672143,0.0001136693134828832
65784063.0,8.0,1000.0,4.0,0.0002590862695743823,0.00012952054655546164,7.522371489406408e-05
65784063.0,16.0,1000.0,4.0,0.00034166548148761855,0.00017081015251219078,0.00010678140667412442
65784063.0,32.0,1000.0,4.0,0.000621200677930478,0.0004202094152123692,0.00023131172181315782
65784063.0,64.0,1000.0,4.0,0.00045168417698826513,0.00026243638873560404,0.0001472887869019794
65784063.0,128.0,1000.0,4.0,0.00047352345392370765,0.00023678431519355558,0.0001462570696747
65784063.0,256.0,1000.0,4.0,0.00016846661007785535,0.00015986645561688606,7.999073641193002e-05
65784063.0,512.0,1000.0,4.0,0.0003876464508788535,0.0002560817466276122,0.0001367567772699037
65784063.0,1024.0,1000.0,4.0,0.0004976409407071447,0.0003242742079354044,0.00017747648084483748
65784063.0,2048.0,1000.0,4.0,0.0007496463011232857,0.00037484573879326133,0.00024878560768638674
65784063.0,4096.0,1000.0,4.0,0.00044881710735156233,0.0002754503745802106,0.00015075276142632754
65784063.0,8192.0,1000.0,4.0,0.0007587375251018047,0.00037939135078263186,0.00023325864464617576
65784063.0,16384.0,1000.0,4.0,0.0009054075700341002,0.00045272637324864085,0.0002747633782679955
65784063.0,32768.0,1000.0,4.0,0.0010783105765856948,0.000552874202732534,0.00033604947829156363
65784063.0,65536.0,1000.0,4.0,0.0007157103145183363,0.0003578777454905091,0.00022257829053445863
65784063.0,131072.0,1000.0,4.0,0.0004159278879642958,0.00024256115519288857,0.00014665401607627795
65784063.0,262144.0,1000.0,4.0,0.0004150367503231722,0.0002444224548860119,0.0001366623326729393
65784063.0,524288.0,1000.0,4.0,0.00042822215448390377,0.0002140884890103334,0.00014066360655404204
65784063.0,1048576.0,1000.0,4.0,0.0006482530324150027,0.00037746218865969405,0.00022612901631554328
65784063.0,2097152.0,1000.0,4.0,0.0006429758658144102,0.0003753553999823467,0.0002238644043881198
65784063.0,4.0,10.0,8.0,3.9949182009399413,1.1506469827618293,0.6388202059807278
65784063.0,8.0,10.0,8.0,3.547554951234164,0.8372014920870703,0.5514840166854568
65784063.0,16.0,10.0,8.0,0.6101599151477155,0.147192336651346,0.10401772071080155
65784063.0,32.0,10.0,8.0,0.07352441196513881,0.01303177570636091,0.009677673327839283
65784063.0,64.0,10.0,8.0,0.1317688816414122,0.033970710922682,0.02197841430336349
65784063.0,128.0,10.0,8.0,0.14858955281051212,0.03018590499502047,0.021421559683947818
65784063.0,256.0,10.0,8.0,0.038357073461810165,0.010034122894478956,0.006470831277897132
65784063.0,512.0,10.0,8.0,0.0621361158688023,0.0118396937030949,0.0086369434558316
65784063.0,1024.0,10.0,8.0,0.01464834285590677,0.003877528342658712,0.0022841644361397727
65784063.0,2048.0,10.0,8.0,0.01769530342001313,0.002890141221965986,0.0022601351188779456
65784063.0,4096.0,10.0,8.0,0.015858107407968225,0.003815144824156777,0.0022915797219175576
65784063.0,8192.0,10.0,8.0,0.003505540534784135,0.0008832555914023293,0.0005263162034005806
65784063.0,16384.0,10.0,8.0,0.02843811078478753,0.005788253058369969,0.004061052785615218
65784063.0,32768.0,10.0,8.0,0.009969645825137485,0.0022223681118099387,0.0014567110666749
65784063.0,65536.0,10.0,8.0,0.0028847213429172847,0.000912029230101627,0.0005014315222683508
65784063.0,131072.0,10.0,8.0,0.001220485282802164,0.00037044029154918723,0.00019188952961896066
65784063.0,262144.0,10.0,8.0,0.006077864593606153,0.001249235822370534,0.000814191582422769
65784063.0,524288.0,10.0,8.0,0.0032828233796682316,0.000873197340163126,0.0005269508291844797
65784063.0,1048576.0,10.0,8.0,0.0005721120913203537,0.00023500339063356468,0.00011055411055365483
65784063.0,2097152.0,10.0,8.0,0.002267582291074044,0.0006321659255105055,0.0003208181125183404
65784063.0,4.0,1000.0,8.0,3.9949182009399413,1.1506469827618293,0.6388202059807278
65784063.0,8.0,1000.0,8.0,3.547554951234164,0.8372014920870703,0.5514840166854568
65784063.0,16.0,1000.0,8.0,0.6101599151477155,0.147192336651346,0.10401772071080155
65784063.0,32.0,1000.0,8.0,0.07352441196513881,0.01303177570636091,0.009677673327839283
65784063.0,64.0,1000.0,8.0,0.1317688816414122,0.033970710922682,0.02197841430336349
65784063.0,128.0,1000.0,8.0,0.14858955281051212,0.03018590499502047,0.021421559683947818
65784063.0,256.0,1000.0,8.0,0.038357073461810165,0.010034122894478956,0.006470831277897132
65784063.0,512.0,1000.0,8.0,0.0621361158688023,0.0118396937030949,0.0086369434558316
65784063.0,1024.0,1000.0,8.0,0.01464834285590677,0.003877528342658712,0.0022841644361397727
65784063.0,2048.0,1000.0,8.0,0.01769530342001313,0.002890141221965986,0.0022601351188779456
65784063.0,4096.0,1000.0,8.0,0.015858107407968225,0.003815144824156777,0.0022915797219175576
65784063.0,8192.0,1000.0,8.0,0.003505540534784135,0.0008832555914023293,0.0005263162034005806
65784063.0,16384.0,1000.0,8.0,0.02843811078478753,0.005788253058369969,0.004061052785615218
65784063.0,32768.0,1000.0,8.0,0.009969645825137485,0.0022223681118099387,0.0014567110666749
65784063.0,65536.0,1000.0,8.0,0.0028847213429172847,0.000912029230101627,0.0005014315222683508
65784063.0,131072.0,1000.0,8.0,0.001220485282802164,0.00037044029154918723,0.00019188952961896066
65784063.0,262144.0,1000.0,8.0,0.006077864593606153,0.001249235822370534,0.000814191582422769
65784063.0,524288.0,1000.0,8.0,0.0032828233796682316,0.000873197340163126,0.0005269508291844797
65784063.0,1048576.0,1000.0,8.0,0.0005721120913203537,0.00023500339063356468,0.00011055411055365483
65784063.0,2097152.0,1000.0,8.0,0.002267582291074044,0.0006321659255105055,0.0003208181125183404
65784063.0,4.0,10.0,16.0,10.536383752576715,4.217595265847974,1.2266912572776063
65784063.0,8.0,10.0,16.0,7.5657039692003885,1.8466173367513297,0.6779110967847484
65784063.0,16.0,10.0,16.0,7.026665054695656,2.2437892201218492,0.7568911144307731
65784063.0,32.0,10.0,16.0,3.1325732064911085,0.7874563713087352,0.28794070662952254
65784063.0,64.0,10.0,16.0,1.9586521397173722,0.6213036436570446,0.21166721293524582
65784063.0,128.0,10.0,16.0,2.0203593747305737,0.5351329021614055,0.20299930544737363
65784063.0,256.0,10.0,16.0,2.0453797512329244,0.47683934306459475,0.17881676723155085
65784063.0,512.0,10.0,16.0,1.6007624776513873,0.3586413388573171,0.13868379585947674
65784063.0,1024.0,10.0,16.0,0.7916990325670334,0.2449264253898742,0.08763718883441754
65784063.0,2048.0,10.0,16.0,0.347377948078027,0.12446890756473834,0.04358212767123329
65784063.0,4096.0,10.0,16.0,0.48845970463107236,0.15034953900459086,0.055836167103939245
65784063.0,8192.0,10.0,16.0,0.3113157826161941,0.08695122164154628,0.03291296128634836
65784063.0,16384.0,10.0,16.0,0.2827676864087345,0.09328962083956233,0.0329855004007691
65784063.0,32768.0,10.0,16.0,0.12622585696334987,0.02516396695670064,0.010591803095184997
65784063.0,65536.0,10.0,16.0,0.07336223074755699,0.018924903832677496,0.00720557817461011
65784063.0,131072.0,10.0,16.0,0.03641160033099844,0.012264237364059925,0.0043040951564615685
65784063.0,262144.0,10.0,16.0,0.03978584370388827,0.012814958161494777,0.0045628349400291795
65784063.0,524288.0,10.0,16.0,0.02207543372626164,0.006428160888542929,0.0022462845551352926
65784063.0,1048576.0,10.0,16.0,0.014031575952507591,0.004109016476996144,0.0015366565688401314
65784063.0,2097152.0,10.0,16.0,0.009801035913139078,0.002796388626356172,0.0010030694564133794
65784063.0,4.0,1000.0,16.0,1122.741676109171,483.5210508219958,142.89975397631753
65784063.0,8.0,1000.0,16.0,102.61618086292793,20.98067480160434,9.035212511890172
65784063.0,16.0,1000.0,16.0,909.697225147801,242.65454310535236,85.4934346429768
65784063.0,32.0,1000.0,16.0,7.791191628085214,1.7379860956210575,0.736591284938352
65784063.0,64.0,1000.0,16.0,3.463279442093299,1.0991728832898036,0.4078271012182613
65784063.0,128.0,1000.0,16.0,2.2445603878152998,0.5657098829600319,0.2175076812896967
65784063.0,256.0,1000.0,16.0,2.2695807643176504,0.5187071697758713,0.20020368707032446
65784063.0,512.0,1000.0,16.0,1.8249634907361134,0.4060793008667779,0.16097965052411803
65784063.0,1024.0,1000.0,16.0,1.0159000456517595,0.2933336513855588,0.11026453005110516
65784063.0,2048.0,1000.0,16.0,0.3847043502393972,0.12431157108969712,0.04544230463946852
65784063.0,4096.0,1000.0,16.0,0.6000209765277065,0.18137379455175234,0.06708743539156899
65784063.0,8192.0,1000.0,16.0,0.4439847281861544,0.12216174615167708,0.04628533405321123
65784063.0,16384.0,1000.0,16.0,0.42295641324777566,0.12625615999199205,0.04749668057460776
65784063.0,32768.0,1000.0,16.0,0.1651438277869297,0.031189701476534062,0.013817553233898818
65784063.0,65536.0,1000.0,16.0,0.05222182482283921,0.016161176068886937,0.0060079866183983316
65784063.0,131072.0,1000.0,16.0,0.08145372356054104,0.024747342105942143,0.00882062754590449
65784063.0,262144.0,1000.0,16.0,0.03869840001360236,0.012754958472290162,0.00452328041921662
65784063.0,524288.0,1000.0,16.0,0.03396474053714327,0.009805343371701927,0.0034201850725097726
65784063.0,1048576.0,1000.0,16.0,0.01825817287066034,0.004765885102606504,0.001792228478952551
65784063.0,2097152.0,1000.0,16.0,0.013674256008108898,0.004135007484174537,0.0014983442358617283
65784063.0,4.0,10.0,32.0,19.390106823590074,7.140294258175093,1.5163180852679654
65784063.0,8.0,10.0,32.0,17.602821987624814,4.193126863462307,1.0129187900776628
65784063.0,16.0,10.0,32.0,11.688997302077642,3.1394293344888182,0.7490324271305124
65784063.0,32.0,10.0,32.0,5.9072208741881616,1.552013705860877,0.38801589440549233
65784063.0,64.0,10.0,32.0,2.543342701402156,0.670960604772436,0.16483585029347725
65784063.0,128.0,10.0,32.0,1.621754695668584,0.6305002129856652,0.1462785140725857
65784063.0,256.0,10.0,32.0,0.9345421079280605,0.34540232053537584,0.07954507743907648
65784063.0,512.0,10.0,32.0,0.882805719289349,0.2599758302642937,0.06381139134142666
65784063.0,1024.0,10.0,32.0,0.43071142702762377,0.14983939729228007,0.036559825481631884
65784063.0,2048.0,10.0,32.0,0.5842857246167148,0.1438003410675822,0.03736761994071317
65784063.0,4096.0,10.0,32.0,0.3520598426800252,0.10924639835584658,0.02849351050974603
65784063.0,8192.0,10.0,32.0,0.15679840801832778,0.044268798648721124,0.010988251452811175
65784063.0,16384.0,10.0,32.0,0.1425652483548252,0.035301458763487795,0.009301310699274102
65784063.0,32768.0,10.0,32.0,0.09572889023638531,0.03379473720630592,0.007992794232908882
65784063.0,65536.0,10.0,32.0,0.05784094061707434,0.014409069566186945,0.003986866455438776
65784063.0,131072.0,10.0,32.0,0.049026549633952365,0.010247074697737626,0.002826826976824304
65784063.0,262144.0,10.0,32.0,0.028373253000401277,0.005866840384320036,0.0015121324342230544
65784063.0,524288.0,10.0,32.0,0.011690608663608826,0.0032903115069933438,0.0008368377207426183
65784063.0,1048576.0,10.0,32.0,0.017310955392856098,0.0038095452785317126,0.0010619961485543918
65784063.0,2097152.0,10.0,32.0,0.009473221426945289,0.0019711735836611677,0.0005170169724978332
65784063.0,4.0,1000.0,32.0,1842.64010682359,640.5872804024152,139.1028454670775
65784063.0,8.0,1000.0,32.0,1750.2287197930068,349.34066728985283,88.28770076903412
65784063.0,16.0,1000.0,32.0,1036.2642474713264,309.56136799104524,71.02808401855063
65784063.0,32.0,1000.0,32.0,18.783137393983353,4.785519222435602,1.2154854972891271
65784063.0,64.0,1000.0,32.0,2.733609481069112,0.7156867255111397,0.17462124976404012
65784063.0,128.0,1000.0,32.0,1.621754695668584,0.6305002129856652,0.1462785140725857
65784063.0,256.0,1000.0,32.0,0.9345421079280605,0.34540232053537584,0.07954507743907648
65784063.0,512.0,1000.0,32.0,0.882805719289349,0.2599758302642937,0.06381139134142666
65784063.0,1024.0,1000.0,32.0,0.43071142702762377,0.14983939729228007,0.036559825481631884
65784063.0,2048.0,1000.0,32.0,0.5842857246167148,0.1438003410675822,0.03736761994071317
65784063.0,4096.0,1000.0,32.0,0.3520598426800252,0.10924639835584658,0.02849351050974603
65784063.0,8192.0,1000.0,32.0,0.15679840801832778,0.044268798648721124,0.010988251452811175
65784063.0,16384.0,1000.0,32.0,0.1425652483548252,0.035301458763487795,0.009301310699274102
65784063.0,32768.0,1000.0,32.0,0.09572889023638531,0.03379473720630592,0.007992794232908882
65784063.0,65536.0,1000.0,32.0,0.05784094061707434,0.014409069566186945,0.003986866455438776
65784063.0,131072.0,1000.0,32.0,0.049026549633952365,0.010247074697737626,0.002826826976824304
65784063.0,262144.0,1000.0,32.0,0.028373253000401277,0.005866840384320036,0.0015121324342230544
65784063.0,524288.0,1000.0,32.0,0.011690608663608826,0.0032903115069933438,0.0008368377207426183
65784063.0,1048576.0,1000.0,32.0,0.017310955392856098,0.0038095452785317126,0.0010619961485543918
65784063.0,2097152.0,1000.0,32.0,0.009473221426945289,0.0019711735836611677,0.0005170169724978332
65784063.0,4.0,10.0,64.0,35.092176817265084,12.263510719208462,1.857702952746928
65784063.0,8.0,10.0,64.0,18.012268870121556,6.4752950963931575,1.0134325072518926
65784063.0,16.0,10.0,64.0,11.84100269249438,3.9601469495645594,0.5931380375481894
65784063.0,32.0,10.0,64.0,8.250597296869248,3.564915345864293,0.5328642975749917
65784063.0,64.0,10.0,64.0,4.476434414376987,1.8037877912287632,0.2746152121057267
65784063.0,128.0,10.0,64.0,2.5633805843881787,0.8973897152738666,0.13980774601352136
65784063.0,256.0,10.0,64.0,3.2229344379225813,1.1470709916133832,0.17878179037363676
65784063.0,512.0,10.0,64.0,2.1174012272770906,0.768138481183791,0.11293431104364944
65784063.0,1024.0,10.0,64.0,0.820690536834165,0.23535476632243574,0.03964469501090531
65784063.0,2048.0,10.0,64.0,0.9613538721704207,0.3164705738172361,0.0520104703478812
65784063.0,4096.0,10.0,64.0,0.6874152853394415,0.20998326752982943,0.033852520428457905
65784063.0,8192.0,10.0,64.0,0.32097266082772924,0.08595565409179143,0.014410165507695668
65784063.0,16384.0,10.0,64.0,0.18137918880200665,0.046554884000644225,0.007712627565946923
65784063.0,32768.0,10.0,64.0,0.13668828591781734,0.043863716655664464,0.007178030128572063
65784063.0,65536.0,10.0,64.0,0.15333286123632073,0.04443336433621717,0.007449993355288246
65784063.0,131072.0,10.0,64.0,0.15027949698041843,0.02873578791982374,0.00529815097861062
65784063.0,262144.0,10.0,64.0,0.08406922356679392,0.020327048576462038,0.0034738005979085534
65784063.0,524288.0,10.0,64.0,0.04734201228781387,0.015457084732283945,0.00250727404221671
65784063.0,1048576.0,10.0,64.0,0.037289306935942346,0.012055340183833389,0.0020416862564419714
65784063.0,2097152.0,10.0,64.0,0.01964799963558006,0.006316859903800671,0.0010600915589979057
65784063.0,4.0,1000.0,64.0,3623.8396266559944,1296.144355002198,196.74686629235444
65784063.0,8.0,1000.0,64.0,1798.6436492218934,737.850585557464,106.92340655331918
65784063.0,16.0,1000.0,64.0,1105.088102310701,495.17505420149826,71.8496355942366
65784063.0,32.0,1000.0,64.0,725.0793052335277,289.59151950947967,43.54020535601414
65784063.0,64.0,1000.0,64.0,12.390851723523681,4.7175853108073245,0.7072165492358972
65784063.0,128.0,1000.0,64.0,19.094380096812504,7.79230806898707,1.188967272670504
65784063.0,256.0,1000.0,64.0,4.884247764038092,1.8255953047184286,0.281475408759511
65784063.0,512.0,1000.0,64.0,2.1357799091861867,0.7204544237884944,0.11254960040619617
65784063.0,1024.0,1000.0,64.0,1.1386516685283392,0.3877571477783336,0.06358325627388794
65784063.0,2048.0,1000.0,64.0,0.932056340799317,0.23356473457906854,0.03746285569632491
65784063.0,4096.0,1000.0,64.0,0.6931031731425583,0.20818169104467169,0.03383353630192358
65784063.0,8192.0,1000.0,64.0,0.37629596763401074,0.10208131460299877,0.017354818127960785
65784063.0,16384.0,1000.0,64.0,0.18658624813575564,0.04889117939514412,0.008337630691200592
65784063.0,32768.0,1000.0,64.0,0.13785140882333646,0.04328011416549506,0.007261912006261584
65784063.0,65536.0,1000.0,64.0,0.17532126736237208,0.050172218776626795,0.008649101826326734
65784063.0,131072.0,1000.0,64.0,0.15825357672912999,0.026497551485186677,0.005184172236366212
65784063.0,262144.0,1000.0,64.0,0.08687614397322285,0.01902209818088308,0.003382309555855748
65784063.0,524288.0,1000.0,64.0,0.0520196902789718,0.014845630558583133,0.0024868984667034987
65784063.0,1048576.0,1000.0,64.0,0.039332300423536415,0.013504773365320574,0.0022545008946348137
65784063.0,2097152.0,1000.0,64.0,0.025788910859902536,0.008015625418036725,0.0013427641896493583
65784063.0,4.0,10.0,128.0,60.49521585006335,18.40720580167917,1.9377457389681012
65784063.0,8.0,10.0,128.0,34.67822243347245,13.611756754676389,1.411414281531714
65784063.0,16.0,10.0,128.0,28.069902857741393,8.487159296315884,0.8945025116092048
65784063.0,32.0,10.0,128.0,20.732012193855677,6.503785616527294,0.6661904102379935
65784063.0,64.0,10.0,128.0,9.234288903112693,2.960183595450714,0.3220652894759058
65784063.0,128.0,10.0,128.0,6.14929454771024,1.9584545479845483,0.21520762771258098
65784063.0,256.0,10.0,128.0,4.0930661117077385,1.2069821533355913,0.13536100543386634
65784063.0,512.0,10.0,128.0,2.338709888536077,0.7055232557688373,0.07970131006574098
65784063.0,1024.0,10.0,128.0,1.4754080571372552,0.43413008220012544,0.04883145217470722
65784063.0,2048.0,10.0,128.0,1.1823813873946603,0.3251882069601737,0.036157672107299955
65784063.0,4096.0,10.0,128.0,1.1927772373962124,0.41647880475545174,0.046150294423443615
65784063.0,8192.0,10.0,128.0,0.8370752836339572,0.20433454677038615,0.023545833230491083
65784063.0,16384.0,10.0,128.0,0.4625807408378888,0.1223632389185888,0.014484053622397484
65784063.0,32768.0,10.0,128.0,0.27749889654863,0.0763695670707985,0.008641815603896345
65784063.0,65536.0,10.0,128.0,0.22307769315070392,0.052874195276591845,0.006101854542015324
65784063.0,131072.0,10.0,128.0,0.3020718727434142,0.08721402309629384,0.010107738295076307
65784063.0,262144.0,10.0,128.0,0.1359702766302595,0.0385525609154952,0.004410957075064664
65784063.0,524288.0,10.0,128.0,0.07362512110671715,0.015672029860324843,0.0018291789764423281
65784063.0,1048576.0,10.0,128.0,0.06542444177755402,0.020443222878930297,0.0023291197975755396
65784063.0,2097152.0,10.0,128.0,0.03620867512138748,0.013216014794264168,0.0014311382329859547
65784063.0,4.0,1000.0,128.0,4993.6270714776865,1645.997667383122,174.42271616530454
65784063.0,8.0,1000.0,128.0,2846.654628786255,1203.545401669201,124.51266068593124
65784063.0,16.0,1000.0,128.0,2060.2876252473893,782.0580116659216,81.69961884153949
65784063.0,32.0,1000.0,128.0,2020.2539858881328,690.5775860264321,70.71182596931541
65784063.0,64.0,1000.0,128.0,803.9162543483341,305.16408126251457,32.05135332884173
65784063.0,128.0,1000.0,128.0,732.0279901553557,260.40245939283716,27.558705092743114
65784063.0,256.0,1000.0,128.0,417.3398359878274,177.27737852908587,18.193199158231142
65784063.0,512.0,1000.0,128.0,35.2033806993576,14.818641626703627,1.533000151766046
65784063.0,1024.0,1000.0,128.0,9.506418188053125,3.5086362695656437,0.368925609083937
65784063.0,2048.0,1000.0,128.0,5.940852290057873,2.0141666557270694,0.22392832474010854
65784063.0,4096.0,1000.0,128.0,1.9014247653362686,0.5444307436965089,0.06344993079707553
65784063.0,8192.0,1000.0,128.0,2.0887595294452064,0.5670082133939288,0.061306261436215315
65784063.0,16384.0,1000.0,128.0,1.8460571384055084,0.4700802689211603,0.055424783387538666
65784063.0,32768.0,1000.0,128.0,1.112561492365601,0.336861107373419,0.03907154825774493
65784063.0,65536.0,1000.0,128.0,0.8513182597857476,0.23484584092374428,0.027393851901488533
65784063.0,131072.0,1000.0,128.0,0.6567730141478192,0.19037340918463952,0.02322081245683283
65784063.0,262144.0,1000.0,128.0,0.6819162091768396,0.19185009984271906,0.02353388574657749
65784063.0,524288.0,1000.0,128.0,0.27759133720377793,0.0725214336174291,0.008570674021029198
65784063.0,1048576.0,1000.0,128.0,0.17719706319480455,0.04705540658963876,0.005492446544817755
65784063.0,2097152.0,1000.0,128.0,0.07011024263209942,0.02103239490227686,0.0023967158935546207
65784063.0,4.0,10.0,256.0,64.38335677214877,24.71651121221626,1.7821405337040415
65784063.0,8.0,10.0,256.0,40.89134516374607,15.705174417134657,1.1460457242991555
65784063.0,16.0,10.0,256.0,27.64383647021112,10.714339317638267,0.7659178791919414
65784063.0,32.0,10.0,256.0,24.604741492325473,8.68743214870965,0.626803451271203
65784063.0,64.0,10.0,256.0,13.954952100884988,5.231052656745525,0.38305144969238586
65784063.0,128.0,10.0,256.0,9.684100836705415,3.579273373957657,0.25920823611227345
65784063.0,256.0,10.0,256.0,8.002618746303455,2.5537688931719353,0.19279348165611193
65784063.0,512.0,10.0,256.0,5.20446207403183,1.5326035593130576,0.11542032067379572
65784063.0,1024.0,10.0,256.0,3.2860734337418807,0.9609784512679661,0.07466513516961666
65784063.0,2048.0,10.0,256.0,1.4941549276543604,0.4946957454873649,0.03719501657485941
65784063.0,4096.0,10.0,256.0,0.7629629292566413,0.23107755706985122,0.018021559880553335
65784063.0,8192.0,10.0,256.0,0.8557108237554418,0.23474308094154517,0.018869443572655777
65784063.0,16384.0,10.0,256.0,0.6204378785152054,0.14366498021968935,0.011373650161884692
65784063.0,32768.0,10.0,256.0,0.31377377066224943,0.08941484204492942,0.006980706535097932
65784063.0,65536.0,10.0,256.0,0.2685196970928674,0.06425802474113314,0.005254868351983301
65784063.0,131072.0,10.0,256.0,0.255421937366342,0.0598000107634089,0.0046622899765634595
65784063.0,262144.0,10.0,256.0,0.16866792632025307,0.04517489416317098,0.00368390193003574
65784063.0,524288.0,10.0,256.0,0.08451701791142119,0.02426721487740121,0.0019543909447165535
65784063.0,1048576.0,10.0,256.0,0.07920346468083084,0.02637677179163085,0.002046562837275937
65784063.0,2097152.0,10.0,256.0,0.04224941230409218,0.011177190026942337,0.000894594525225543
65784063.0,4.0,1000.0,256.0,6244.6519374493855,2469.2410880692833,177.11818582059266
65784063.0,8.0,1000.0,256.0,5333.075005386586,2015.2453972681392,144.20052329214977
65784063.0,16.0,1000.0,256.0,2756.9919360906943,1198.7301177519482,85.16252100310571
65784063.0,32.0,1000.0,256.0,2188.3720727307873,972.5820097063072,68.71050364692316
65784063.0,64.0,1000.0,256.0,1294.5811259760167,548.7543832213094,39.43862878434405
65784063.0,128.0,1000.0,256.0,1101.9055738368704,440.95392671768775,31.83864596677611
65784063.0,256.0,1000.0,256.0,851.9781887991911,324.92035691671504,23.83387951971449
65784063.0,512.0,1000.0,256.0,619.6342695593277,287.95738346915925,20.67875439762433
65784063.0,1024.0,1000.0,256.0,261.1182038883918,108.87367329801371,7.9025712075552095
65784063.0,2048.0,1000.0,256.0,230.69226842096435,97.35450186649393,7.114719612083306
65784063.0,4096.0,1000.0,256.0,24.95681031148554,11.182708160406424,0.8139042027113605
65784063.0,8192.0,1000.0,256.0,4.822212155197456,1.8643979575920024,0.13878911874444708
65784063.0,16384.0,1000.0,256.0,2.863841559403756,0.9473459002599571,0.07203269727660412
65784063.0,32768.0,1000.0,256.0,1.6287746924098605,0.4459685282426784,0.0349321328850811
65784063.0,65536.0,1000.0,256.0,0.8289335568987859,0.30536725077900406,0.02300713934951343
65784063.0,131072.0,1000.0,256.0,0.5935497776497822,0.22351372754778231,0.016550530702672255
