seed,R,C,M,train acc,epsilon,evaluations
34753.0,8.0,10.0,100.0,0.83,0.0665561080674921,80249.0
34753.0,16.0,10.0,100.0,0.84,0.0505963285289822,79247.0
34753.0,32.0,10.0,100.0,0.88,0.0378310523215398,80712.0
34753.0,64.0,10.0,100.0,0.86,0.0395299398798324,80357.0
34753.0,128.0,10.0,100.0,0.84,0.030250436017691,82307.0
34753.0,256.0,10.0,100.0,0.83,0.0199622627803695,81494.0
34753.0,512.0,10.0,100.0,0.85,0.0113187068030947,81600.0
34753.0,1024.0,10.0,100.0,0.84,0.0070229617485104,81562.0
34753.0,2048.0,10.0,100.0,0.84,0.0094786045466657,82353.0
34753.0,4096.0,10.0,100.0,0.83,0.0093661872703337,82323.0
932.0,8.0,10.0,100.0,0.81,0.0741816773249569,77487.0
932.0,16.0,10.0,100.0,0.86,0.0500098337338987,78949.0
932.0,32.0,10.0,100.0,0.85,0.0582959678606467,78387.0
932.0,64.0,10.0,100.0,0.86,0.0492467415289755,79015.0
932.0,128.0,10.0,100.0,0.87,0.0262831544947294,80860.0
932.0,256.0,10.0,100.0,0.87,0.0198697071288452,81079.0
932.0,512.0,10.0,100.0,0.86,0.0188450141360296,81376.0
932.0,1024.0,10.0,100.0,0.86,0.0119638226478619,81507.0
932.0,2048.0,10.0,100.0,0.86,0.0131135513073608,81572.0
932.0,4096.0,10.0,100.0,0.86,0.0048544640111684,80386.0
61325.0,8.0,10.0,100.0,0.79,0.082414406600843,80148.0
61325.0,16.0,10.0,100.0,0.8,0.0624321997180839,80508.0
61325.0,32.0,10.0,100.0,0.83,0.0630376548883299,81195.0
61325.0,64.0,10.0,100.0,0.82,0.0340218176261778,82652.0
61325.0,128.0,10.0,100.0,0.82,0.0317245483556242,82037.0
61325.0,256.0,10.0,100.0,0.83,0.0251381544732181,83319.0
61325.0,512.0,10.0,100.0,0.82,0.0144404027405384,83740.0
61325.0,1024.0,10.0,100.0,0.82,0.0185721350589459,83305.0
61325.0,2048.0,10.0,100.0,0.82,0.013925389966542,82911.0
61325.0,4096.0,10.0,100.0,0.82,0.0126590918388843,83195.0
85987.0,8.0,10.0,100.0,0.82,0.1137555717018665,80136.0
85987.0,16.0,10.0,100.0,0.83,0.0710515683342704,82545.0
85987.0,32.0,10.0,100.0,0.83,0.0976952993237737,81590.0
85987.0,64.0,10.0,100.0,0.83,0.0538712237574518,82610.0
85987.0,128.0,10.0,100.0,0.82,0.0281421292253508,81815.0
85987.0,256.0,10.0,100.0,0.83,0.0173036162876289,81654.0
85987.0,512.0,10.0,100.0,0.82,0.0183841886872755,81534.0
85987.0,1024.0,10.0,100.0,0.83,0.0133735672067025,81654.0
85987.0,2048.0,10.0,100.0,0.82,0.010302341246611,81156.0
85987.0,4096.0,10.0,100.0,0.82,0.0070195136074389,81156.0
53492.0,8.0,10.0,100.0,0.78,0.0521976075403348,78541.0
53492.0,16.0,10.0,100.0,0.78,0.0766118447867435,76694.0
53492.0,32.0,10.0,100.0,0.78,0.0434223044171267,80750.0
53492.0,64.0,10.0,100.0,0.81,0.0476177801372159,80640.0
53492.0,128.0,10.0,100.0,0.83,0.0422073239217375,79825.0
53492.0,256.0,10.0,100.0,0.83,0.0253678072997263,78371.0
53492.0,512.0,10.0,100.0,0.83,0.0132023093233407,78265.0
53492.0,1024.0,10.0,100.0,0.83,0.021648823693757,78580.0
53492.0,2048.0,10.0,100.0,0.83,0.0134747752019997,78227.0
53492.0,4096.0,10.0,100.0,0.83,0.0097822689621661,78227.0
50778.0,8.0,10.0,100.0,0.82,0.0969003915422848,80568.0
50778.0,16.0,10.0,100.0,0.83,0.0570318744273198,81312.0
50778.0,32.0,10.0,100.0,0.84,0.0488061988092331,81117.0
50778.0,64.0,10.0,100.0,0.82,0.0633440264160352,81313.0
50778.0,128.0,10.0,100.0,0.84,0.0244112154430385,82546.0
50778.0,256.0,10.0,100.0,0.83,0.0356932179865156,83047.0
50778.0,512.0,10.0,100.0,0.84,0.0147562263240575,83260.0
50778.0,1024.0,10.0,100.0,0.83,0.0115497205413052,83052.0
50778.0,2048.0,10.0,100.0,0.83,0.0091919169865905,82939.0
50778.0,4096.0,10.0,100.0,0.83,0.0110607362664426,83374.0
48598.0,8.0,10.0,100.0,0.85,0.0551896017903001,84932.0
48598.0,16.0,10.0,100.0,0.82,0.0592295822953782,83283.0
48598.0,32.0,10.0,100.0,0.83,0.0806016042882022,83786.0
48598.0,64.0,10.0,100.0,0.84,0.0480105239098636,82239.0
48598.0,128.0,10.0,100.0,0.84,0.0508478129049592,82187.0
48598.0,256.0,10.0,100.0,0.85,0.0153962803469439,82157.0
48598.0,512.0,10.0,100.0,0.84,0.0093019739984281,82222.0
48598.0,1024.0,10.0,100.0,0.84,0.0079829208032772,82106.0
48598.0,2048.0,10.0,100.0,0.84,0.0101268200990681,82807.0
48598.0,4096.0,10.0,100.0,0.84,0.009116617754642,82824.0
61723.0,8.0,10.0,100.0,0.85,0.0539862796960793,78103.0
61723.0,16.0,10.0,100.0,0.83,0.0349126379156991,80196.0
61723.0,32.0,10.0,100.0,0.82,0.0252375085620659,80196.0
61723.0,64.0,10.0,100.0,0.84,0.0569392244747665,81858.0
61723.0,128.0,10.0,100.0,0.84,0.026387905441615,80763.0
61723.0,256.0,10.0,100.0,0.84,0.01456461327928,81345.0
61723.0,512.0,10.0,100.0,0.84,0.0193463309212848,80554.0
61723.0,1024.0,10.0,100.0,0.84,0.0143984511027648,80420.0
61723.0,2048.0,10.0,100.0,0.84,0.0134023789161624,80502.0
61723.0,4096.0,10.0,100.0,0.84,0.0132028820114723,80502.0
97134.0,8.0,10.0,100.0,0.86,0.1119289450877927,78025.0
97134.0,16.0,10.0,100.0,0.84,0.051166550466068,80947.0
97134.0,32.0,10.0,100.0,0.84,0.0430258674945681,80555.0
97134.0,64.0,10.0,100.0,0.83,0.0424564241778937,80035.0
97134.0,128.0,10.0,100.0,0.83,0.0266422343136361,81315.0
97134.0,256.0,10.0,100.0,0.83,0.0184542415883951,78975.0
97134.0,512.0,10.0,100.0,0.85,0.0194235765252287,78412.0
97134.0,1024.0,10.0,100.0,0.83,0.0150914438530087,78482.0
97134.0,2048.0,10.0,100.0,0.84,0.0091397390902888,80266.0
97134.0,4096.0,10.0,100.0,0.83,0.0094900321798756,79953.0
54509.0,8.0,10.0,100.0,0.83,0.0626630810954949,79338.0
54509.0,16.0,10.0,100.0,0.84,0.0415649458733385,77149.0
54509.0,32.0,10.0,100.0,0.84,0.0478518164821152,79684.0
54509.0,64.0,10.0,100.0,0.83,0.032091289663567,81525.0
54509.0,128.0,10.0,100.0,0.84,0.0252021153875087,80616.0
54509.0,256.0,10.0,100.0,0.84,0.0257075419375892,81049.0
54509.0,512.0,10.0,100.0,0.83,0.0218329379245104,80270.0
54509.0,1024.0,10.0,100.0,0.83,0.0115121876254944,81188.0
54509.0,2048.0,10.0,100.0,0.83,0.0105110195838026,81230.0
54509.0,4096.0,10.0,100.0,0.83,0.0075474606675329,81540.0
27065.0,8.0,10.0,100.0,0.84,0.0853801826804592,80477.0
27065.0,16.0,10.0,100.0,0.83,0.0587250844980774,81150.0
27065.0,32.0,10.0,100.0,0.83,0.0518991519017469,81972.0
27065.0,64.0,10.0,100.0,0.84,0.0333438879441186,80599.0
27065.0,128.0,10.0,100.0,0.84,0.0354357007174647,82289.0
27065.0,256.0,10.0,100.0,0.83,0.0160483904417268,82082.0
27065.0,512.0,10.0,100.0,0.83,0.0174916613500519,82605.0
27065.0,1024.0,10.0,100.0,0.83,0.02055186813723,82361.0
27065.0,2048.0,10.0,100.0,0.83,0.0131585868551944,81640.0
27065.0,4096.0,10.0,100.0,0.83,0.0096157394587234,82347.0
6820.0,8.0,10.0,100.0,0.82,0.0650152712113159,79617.0
6820.0,16.0,10.0,100.0,0.83,0.0503713922374167,79546.0
6820.0,32.0,10.0,100.0,0.83,0.0592269230707487,81213.0
6820.0,64.0,10.0,100.0,0.84,0.0455919376271883,79138.0
6820.0,128.0,10.0,100.0,0.84,0.033260406154842,80297.0
6820.0,256.0,10.0,100.0,0.84,0.0166363970232738,79977.0
6820.0,512.0,10.0,100.0,0.83,0.015065562234153,79082.0
6820.0,1024.0,10.0,100.0,0.84,0.015960599293187,79224.0
6820.0,2048.0,10.0,100.0,0.83,0.0153800935111593,79925.0
6820.0,4096.0,10.0,100.0,0.83,0.0109787195574234,79626.0
67783.0,8.0,10.0,100.0,0.85,0.0513037337329802,83516.0
67783.0,16.0,10.0,100.0,0.87,0.0359980870817364,82480.0
67783.0,32.0,10.0,100.0,0.85,0.0249421382974216,82836.0
67783.0,64.0,10.0,100.0,0.83,0.0100148258666288,82847.0
67783.0,128.0,10.0,100.0,0.82,0.026222456480687,81872.0
67783.0,256.0,10.0,100.0,0.83,0.0167415223052047,81129.0
67783.0,512.0,10.0,100.0,0.84,0.0109041010768694,80861.0
67783.0,1024.0,10.0,100.0,0.84,0.0249693290791853,80037.0
67783.0,2048.0,10.0,100.0,0.85,0.012643987891237,80037.0
67783.0,4096.0,10.0,100.0,0.85,0.012679144299063,80037.0
76785.0,8.0,10.0,100.0,0.82,0.0417872653683506,76559.0
76785.0,16.0,10.0,100.0,0.82,0.0553590925347134,76228.0
76785.0,32.0,10.0,100.0,0.83,0.05084719943369,77130.0
76785.0,64.0,10.0,100.0,0.84,0.0309788931246312,78047.0
76785.0,128.0,10.0,100.0,0.82,0.0208680831816629,76244.0
76785.0,256.0,10.0,100.0,0.82,0.0246856540419906,78124.0
76785.0,512.0,10.0,100.0,0.82,0.0198012360635301,78083.0
76785.0,1024.0,10.0,100.0,0.83,0.0157288643896551,77254.0
76785.0,2048.0,10.0,100.0,0.83,0.0104046937786216,77254.0
76785.0,4096.0,10.0,100.0,0.83,0.0041241950627367,77689.0
27733.0,8.0,10.0,100.0,0.86,0.0495625422715589,77758.0
27733.0,16.0,10.0,100.0,0.86,0.0338043973364312,78326.0
27733.0,32.0,10.0,100.0,0.85,0.0244908977293859,79105.0
27733.0,64.0,10.0,100.0,0.85,0.0330081447152789,78888.0
27733.0,128.0,10.0,100.0,0.84,0.0235026451022796,80247.0
27733.0,256.0,10.0,100.0,0.85,0.0373425626597001,79420.0
27733.0,512.0,10.0,100.0,0.85,0.0351528773919234,78823.0
27733.0,1024.0,10.0,100.0,0.85,0.0186313039714198,79048.0
27733.0,2048.0,10.0,100.0,0.85,0.0096961798559426,79128.0
27733.0,4096.0,10.0,100.0,0.85,0.0123757267964011,79128.0
64343.0,8.0,10.0,100.0,0.81,0.0742016196692801,81066.0
64343.0,16.0,10.0,100.0,0.8,0.0705156203039461,83166.0
64343.0,32.0,10.0,100.0,0.82,0.0779271048075708,83181.0
64343.0,64.0,10.0,100.0,0.82,0.0730760099591442,82101.0
64343.0,128.0,10.0,100.0,0.83,0.0319571289002537,83023.0
64343.0,256.0,10.0,100.0,0.83,0.0290468915352611,83624.0
64343.0,512.0,10.0,100.0,0.83,0.0202244518077311,82849.0
64343.0,1024.0,10.0,100.0,0.83,0.0130999615206131,84294.0
64343.0,2048.0,10.0,100.0,0.82,0.003574070316158,84559.0
64343.0,4096.0,10.0,100.0,0.82,0.0088459430165795,84630.0
54206.0,8.0,10.0,100.0,0.84,0.0541133555848362,79463.0
54206.0,16.0,10.0,100.0,0.84,0.056876904949322,81123.0
54206.0,32.0,10.0,100.0,0.81,0.0475349323054917,81594.0
54206.0,64.0,10.0,100.0,0.84,0.0355071202600043,80003.0
54206.0,128.0,10.0,100.0,0.84,0.043058273217635,81082.0
54206.0,256.0,10.0,100.0,0.85,0.0301504014473307,82039.0
54206.0,512.0,10.0,100.0,0.84,0.0171686366165488,79866.0
54206.0,1024.0,10.0,100.0,0.84,0.0081567663010743,80213.0
54206.0,2048.0,10.0,100.0,0.83,0.0080013813308991,79199.0
54206.0,4096.0,10.0,100.0,0.83,0.0066794906923198,81694.0
58474.0,8.0,10.0,100.0,0.85,0.0817798096434254,83040.0
58474.0,16.0,10.0,100.0,0.86,0.0696133445554518,85626.0
58474.0,32.0,10.0,100.0,0.84,0.048031839504779,85802.0
58474.0,64.0,10.0,100.0,0.83,0.0341186985891207,84029.0
58474.0,128.0,10.0,100.0,0.84,0.0310707789010917,83450.0
58474.0,256.0,10.0,100.0,0.84,0.033106510357737,83985.0
58474.0,512.0,10.0,100.0,0.85,0.022809526362081,83187.0
58474.0,1024.0,10.0,100.0,0.84,0.0200715088334684,82481.0
58474.0,2048.0,10.0,100.0,0.83,0.0164754026883277,82322.0
58474.0,4096.0,10.0,100.0,0.84,0.0089931337327329,82481.0
12468.0,8.0,10.0,100.0,0.79,0.0464079938219406,81386.0
12468.0,16.0,10.0,100.0,0.84,0.0273274219349044,80753.0
12468.0,32.0,10.0,100.0,0.81,0.021368150379722,81033.0
12468.0,64.0,10.0,100.0,0.83,0.0130505563975919,81229.0
12468.0,128.0,10.0,100.0,0.84,0.0207319997067187,80335.0
12468.0,256.0,10.0,100.0,0.82,0.0162404311770775,78887.0
12468.0,512.0,10.0,100.0,0.82,0.0196020939596053,80115.0
12468.0,1024.0,10.0,100.0,0.82,0.0205662189791943,80115.0
12468.0,2048.0,10.0,100.0,0.82,0.0114578088578135,80004.0
12468.0,4096.0,10.0,100.0,0.83,0.0101649520828981,80004.0
12765.0,8.0,10.0,100.0,0.82,0.0432064796909416,81008.0
12765.0,16.0,10.0,100.0,0.82,0.0596274101947225,82285.0
12765.0,32.0,10.0,100.0,0.82,0.0483630998865276,83203.0
12765.0,64.0,10.0,100.0,0.83,0.0260165224929239,81433.0
12765.0,128.0,10.0,100.0,0.84,0.0296094573010421,82017.0
12765.0,256.0,10.0,100.0,0.82,0.0165325206524849,80604.0
12765.0,512.0,10.0,100.0,0.82,0.0149099050539174,80831.0
12765.0,1024.0,10.0,100.0,0.82,0.0153123655811597,81328.0
12765.0,2048.0,10.0,100.0,0.82,0.0122695114509357,81337.0
12765.0,4096.0,10.0,100.0,0.82,0.0123675972466355,80523.0
39769.0,8.0,10.0,100.0,0.84,0.0554552500315231,80217.0
39769.0,16.0,10.0,100.0,0.84,0.042314272655039,81000.0
39769.0,32.0,10.0,100.0,0.83,0.0350638462828249,79651.0
39769.0,64.0,10.0,100.0,0.83,0.0355718701246609,79452.0
39769.0,128.0,10.0,100.0,0.82,0.0275206937570064,80459.0
39769.0,256.0,10.0,100.0,0.82,0.0251144887626254,81683.0
39769.0,512.0,10.0,100.0,0.82,0.0159884163530612,81007.0
39769.0,1024.0,10.0,100.0,0.82,0.0110117518103639,82486.0
39769.0,2048.0,10.0,100.0,0.82,0.0105291581431625,81614.0
39769.0,4096.0,10.0,100.0,0.82,0.0085255658864918,82156.0
9932.0,8.0,10.0,100.0,0.83,0.0697804530853722,79385.0
9932.0,16.0,10.0,100.0,0.83,0.0499158117400098,78057.0
9932.0,32.0,10.0,100.0,0.82,0.0541809457031283,79913.0
9932.0,64.0,10.0,100.0,0.84,0.0466752194641027,77825.0
9932.0,128.0,10.0,100.0,0.83,0.024241186327433,80694.0
9932.0,256.0,10.0,100.0,0.83,0.02063951276469,81804.0
9932.0,512.0,10.0,100.0,0.86,0.014217435639648,80425.0
9932.0,1024.0,10.0,100.0,0.85,0.00700351954113,79544.0
9932.0,2048.0,10.0,100.0,0.85,0.0059568359813297,80534.0
9932.0,4096.0,10.0,100.0,0.85,0.0077117166311749,80385.0
35933.0,8.0,10.0,100.0,0.84,0.0851362077766164,77943.0
35933.0,16.0,10.0,100.0,0.84,0.0625243391363824,78931.0
35933.0,32.0,10.0,100.0,0.82,0.0805969836260986,79788.0
35933.0,64.0,10.0,100.0,0.83,0.0574653013213203,79767.0
35933.0,128.0,10.0,100.0,0.81,0.0309319951587876,78964.0
35933.0,256.0,10.0,100.0,0.81,0.0250364178986928,79556.0
35933.0,512.0,10.0,100.0,0.81,0.0121608738046233,79791.0
35933.0,1024.0,10.0,100.0,0.81,0.0130229154289099,79492.0
35933.0,2048.0,10.0,100.0,0.81,0.0187569387019992,78799.0
35933.0,4096.0,10.0,100.0,0.81,0.01529411564427,78761.0
6135.0,8.0,10.0,100.0,0.8,0.1041970595585554,81397.0
6135.0,16.0,10.0,100.0,0.81,0.0628701927512612,82142.0
6135.0,32.0,10.0,100.0,0.82,0.044442634508046,80466.0
6135.0,64.0,10.0,100.0,0.82,0.0443570019450193,81248.0
6135.0,128.0,10.0,100.0,0.82,0.040427176289359,81304.0
6135.0,256.0,10.0,100.0,0.83,0.016543431087084,81304.0
6135.0,512.0,10.0,100.0,0.83,0.0115405841610357,81304.0
6135.0,1024.0,10.0,100.0,0.83,0.0060782141184695,81217.0
6135.0,2048.0,10.0,100.0,0.83,0.0111237418912804,82830.0
6135.0,4096.0,10.0,100.0,0.83,0.009333825395516,82830.0
19602.0,8.0,10.0,100.0,0.82,0.0771330754103739,78646.0
19602.0,16.0,10.0,100.0,0.81,0.0476115543378723,80975.0
19602.0,32.0,10.0,100.0,0.82,0.0477009879729868,81390.0
19602.0,64.0,10.0,100.0,0.82,0.0231454244803322,80497.0
19602.0,128.0,10.0,100.0,0.83,0.0333511522497183,80674.0
19602.0,256.0,10.0,100.0,0.83,0.0282162978539192,81613.0
19602.0,512.0,10.0,100.0,0.83,0.0169025650515391,80510.0
19602.0,1024.0,10.0,100.0,0.84,0.0104611021749206,80189.0
19602.0,2048.0,10.0,100.0,0.84,0.0147006739493934,80189.0
19602.0,4096.0,10.0,100.0,0.84,0.0125055798301935,79463.0
41083.0,8.0,10.0,100.0,0.81,0.0471660932277655,80764.0
41083.0,16.0,10.0,100.0,0.81,0.0598595651994296,80483.0
41083.0,32.0,10.0,100.0,0.81,0.0446788213212762,80145.0
41083.0,64.0,10.0,100.0,0.82,0.036030353512895,81695.0
41083.0,128.0,10.0,100.0,0.83,0.0165538327006382,83330.0
41083.0,256.0,10.0,100.0,0.82,0.0160981324638559,81306.0
41083.0,512.0,10.0,100.0,0.82,0.0183464522921323,80942.0
41083.0,1024.0,10.0,100.0,0.82,0.0150443475238099,81538.0
41083.0,2048.0,10.0,100.0,0.82,0.0024107569907656,80312.0
41083.0,4096.0,10.0,100.0,0.82,0.0084797282677464,81571.0
43747.0,8.0,10.0,100.0,0.81,0.0778414110934774,78357.0
43747.0,16.0,10.0,100.0,0.81,0.0451462669498411,78099.0
43747.0,32.0,10.0,100.0,0.83,0.056729837651028,78786.0
43747.0,64.0,10.0,100.0,0.83,0.0506132291400161,78598.0
43747.0,128.0,10.0,100.0,0.83,0.0281787546901921,78628.0
43747.0,256.0,10.0,100.0,0.82,0.0180648409906741,79367.0
43747.0,512.0,10.0,100.0,0.82,0.0107393766462441,79739.0
43747.0,1024.0,10.0,100.0,0.84,0.0066564104360893,80192.0
43747.0,2048.0,10.0,100.0,0.83,0.0077367729696342,80179.0
43747.0,4096.0,10.0,100.0,0.83,0.0110636514646456,79738.0
81362.0,8.0,10.0,100.0,0.84,0.096151482082746,77664.0
81362.0,16.0,10.0,100.0,0.86,0.076454776827575,82132.0
81362.0,32.0,10.0,100.0,0.84,0.0834197312443154,80426.0
81362.0,64.0,10.0,100.0,0.83,0.0489011168797631,79657.0
81362.0,128.0,10.0,100.0,0.82,0.0245772336994498,80283.0
81362.0,256.0,10.0,100.0,0.83,0.0247707101786448,80015.0
81362.0,512.0,10.0,100.0,0.83,0.0105209480616231,80029.0
81362.0,1024.0,10.0,100.0,0.83,0.0039050977213989,80653.0
81362.0,2048.0,10.0,100.0,0.83,0.0092474662172766,80872.0
81362.0,4096.0,10.0,100.0,0.83,0.0026587654206581,80772.0
54045.0,8.0,10.0,100.0,0.81,0.0586265297568117,80845.0
54045.0,16.0,10.0,100.0,0.82,0.0681282792910714,82469.0
54045.0,32.0,10.0,100.0,0.83,0.0364658440767781,83863.0
54045.0,64.0,10.0,100.0,0.83,0.0433266799671287,83588.0
54045.0,128.0,10.0,100.0,0.83,0.0328778955059229,85152.0
54045.0,256.0,10.0,100.0,0.83,0.0189793786857921,83385.0
54045.0,512.0,10.0,100.0,0.84,0.0120075821468321,81770.0
54045.0,1024.0,10.0,100.0,0.83,0.0147499640911346,83533.0
54045.0,2048.0,10.0,100.0,0.83,0.0112838963245392,83447.0
54045.0,4096.0,10.0,100.0,0.83,0.0108697274048787,82671.0
83476.0,8.0,10.0,100.0,0.78,0.0766310044088939,81003.0
83476.0,16.0,10.0,100.0,0.8,0.0332907901596498,81796.0
83476.0,32.0,10.0,100.0,0.83,0.0254100501404523,82047.0
83476.0,64.0,10.0,100.0,0.83,0.0162139285307239,82001.0
83476.0,128.0,10.0,100.0,0.83,0.0083531724910086,81813.0
83476.0,256.0,10.0,100.0,0.82,0.0107388718349555,81069.0
83476.0,512.0,10.0,100.0,0.82,0.0097486710001014,81069.0
83476.0,1024.0,10.0,100.0,0.83,0.0086453517959953,81641.0
83476.0,2048.0,10.0,100.0,0.82,0.0079752357316576,81087.0
83476.0,4096.0,10.0,100.0,0.83,0.0044291202290746,82983.0
24206.0,8.0,10.0,100.0,0.8,0.0886746990737053,80415.0
24206.0,16.0,10.0,100.0,0.82,0.0696049047441399,80218.0
24206.0,32.0,10.0,100.0,0.84,0.0540356545228114,80977.0
24206.0,64.0,10.0,100.0,0.83,0.0262971273176121,82635.0
24206.0,128.0,10.0,100.0,0.84,0.0221399094762539,80902.0
24206.0,256.0,10.0,100.0,0.84,0.0120190696204958,80542.0
24206.0,512.0,10.0,100.0,0.84,0.0152475422586505,80443.0
24206.0,1024.0,10.0,100.0,0.84,0.017558317978837,80988.0
24206.0,2048.0,10.0,100.0,0.84,0.0140385229634184,80638.0
24206.0,4096.0,10.0,100.0,0.84,0.0040647304093354,80767.0
47806.0,8.0,10.0,100.0,0.85,0.0565590610764127,80759.0
47806.0,16.0,10.0,100.0,0.85,0.0459445640854843,78839.0
47806.0,32.0,10.0,100.0,0.83,0.0283543884873394,81176.0
47806.0,64.0,10.0,100.0,0.84,0.0289322799534259,79601.0
47806.0,128.0,10.0,100.0,0.84,0.0155325644329608,78478.0
47806.0,256.0,10.0,100.0,0.83,0.0135289387332885,79943.0
47806.0,512.0,10.0,100.0,0.83,0.0146477513917282,80070.0
47806.0,1024.0,10.0,100.0,0.84,0.009305059713853,80225.0
47806.0,2048.0,10.0,100.0,0.83,0.0012421928076343,80138.0
47806.0,4096.0,10.0,100.0,0.84,0.0,80188.0
63355.0,8.0,10.0,100.0,0.81,0.0607481997048968,78019.0
63355.0,16.0,10.0,100.0,0.82,0.0472399664851752,79667.0
63355.0,32.0,10.0,100.0,0.83,0.0375644480551439,77941.0
63355.0,64.0,10.0,100.0,0.83,0.0449231923740197,77581.0
63355.0,128.0,10.0,100.0,0.83,0.0413489208101373,80198.0
63355.0,256.0,10.0,100.0,0.84,0.0217205670647279,79007.0
63355.0,512.0,10.0,100.0,0.84,0.0192996928873546,79090.0
63355.0,1024.0,10.0,100.0,0.83,0.0143006827072772,79180.0
63355.0,2048.0,10.0,100.0,0.84,0.0062193958042864,79836.0
63355.0,4096.0,10.0,100.0,0.84,0.0094132976126468,81822.0
8160.0,8.0,10.0,100.0,0.84,0.0990205140717766,79783.0
8160.0,16.0,10.0,100.0,0.83,0.0507330684762566,79307.0
8160.0,32.0,10.0,100.0,0.83,0.0304631204281083,80805.0
8160.0,64.0,10.0,100.0,0.82,0.0455101205515812,80941.0
8160.0,128.0,10.0,100.0,0.84,0.0293822784061442,80145.0
8160.0,256.0,10.0,100.0,0.84,0.0173790130093299,80216.0
8160.0,512.0,10.0,100.0,0.83,0.0189834426241109,80854.0
8160.0,1024.0,10.0,100.0,0.83,0.0121893963632381,80048.0
8160.0,2048.0,10.0,100.0,0.82,0.0170668397367925,80048.0
8160.0,4096.0,10.0,100.0,0.83,0.0103141591481591,80048.0
58019.0,8.0,10.0,100.0,0.85,0.0644107610124993,79796.0
58019.0,16.0,10.0,100.0,0.85,0.0472465725339266,78999.0
58019.0,32.0,10.0,100.0,0.83,0.0435356148684411,80256.0
58019.0,64.0,10.0,100.0,0.84,0.0493280285196291,79933.0
58019.0,128.0,10.0,100.0,0.84,0.0213984849782252,79775.0
58019.0,256.0,10.0,100.0,0.83,0.0142493279187608,80237.0
58019.0,512.0,10.0,100.0,0.83,0.015638712516342,78760.0
58019.0,1024.0,10.0,100.0,0.84,0.0120150708153266,79510.0
58019.0,2048.0,10.0,100.0,0.85,0.0084778030950843,80097.0
58019.0,4096.0,10.0,100.0,0.85,0.0054683521514164,80086.0
21947.0,8.0,10.0,100.0,0.83,0.1330466514911081,79896.0
21947.0,16.0,10.0,100.0,0.82,0.116059755261115,77268.0
21947.0,32.0,10.0,100.0,0.84,0.0667903437887937,77228.0
21947.0,64.0,10.0,100.0,0.83,0.0405883798273275,78024.0
21947.0,128.0,10.0,100.0,0.84,0.021771695852802,77640.0
21947.0,256.0,10.0,100.0,0.84,0.0135785403130577,77999.0
21947.0,512.0,10.0,100.0,0.85,0.0149789569473969,77928.0
21947.0,1024.0,10.0,100.0,0.84,0.0158395246583304,77568.0
21947.0,2048.0,10.0,100.0,0.84,0.0108621584636414,77233.0
21947.0,4096.0,10.0,100.0,0.84,0.0119879833660898,77025.0
28421.0,8.0,10.0,100.0,0.82,0.0688843675167,78505.0
28421.0,16.0,10.0,100.0,0.83,0.0586628242780124,81960.0
28421.0,32.0,10.0,100.0,0.84,0.0428343338089948,82876.0
28421.0,64.0,10.0,100.0,0.83,0.0392305524288361,82843.0
28421.0,128.0,10.0,100.0,0.83,0.0278921052547417,80969.0
28421.0,256.0,10.0,100.0,0.83,0.0092640352613869,80884.0
28421.0,512.0,10.0,100.0,0.85,0.0169615300931344,81366.0
28421.0,1024.0,10.0,100.0,0.84,0.0180288859039433,80453.0
28421.0,2048.0,10.0,100.0,0.85,0.0094734065146111,81627.0
28421.0,4096.0,10.0,100.0,0.85,0.0094339353633407,80329.0
76604.0,8.0,10.0,100.0,0.81,0.1207759876109072,79969.0
76604.0,16.0,10.0,100.0,0.83,0.0626210402683888,79835.0
76604.0,32.0,10.0,100.0,0.83,0.0584719811549618,81118.0
76604.0,64.0,10.0,100.0,0.83,0.0368701538438324,81679.0
76604.0,128.0,10.0,100.0,0.83,0.0194940050886675,82371.0
76604.0,256.0,10.0,100.0,0.83,0.0122245825866488,81668.0
76604.0,512.0,10.0,100.0,0.83,0.0130649548578353,80733.0
76604.0,1024.0,10.0,100.0,0.83,0.0095096342523558,82284.0
76604.0,2048.0,10.0,100.0,0.83,0.0102007378822686,81716.0
76604.0,4096.0,10.0,100.0,0.83,0.008922752688343,80680.0
80514.0,8.0,10.0,100.0,0.8,0.1257574885729597,78142.0
80514.0,16.0,10.0,100.0,0.79,0.0659116333610503,81771.0
80514.0,32.0,10.0,100.0,0.82,0.0486161200082258,80896.0
80514.0,64.0,10.0,100.0,0.83,0.0417701075280628,79818.0
80514.0,128.0,10.0,100.0,0.82,0.0401506984355021,81808.0
80514.0,256.0,10.0,100.0,0.83,0.0186016908121605,82186.0
80514.0,512.0,10.0,100.0,0.83,0.0139472155869599,79930.0
80514.0,1024.0,10.0,100.0,0.83,0.012559996757581,79054.0
80514.0,2048.0,10.0,100.0,0.83,0.0117897861469749,79189.0
80514.0,4096.0,10.0,100.0,0.83,0.0129196417548792,79189.0
61517.0,8.0,10.0,100.0,0.83,0.0393980604775198,76915.0
61517.0,16.0,10.0,100.0,0.84,0.0437136256511545,77260.0
61517.0,32.0,10.0,100.0,0.84,0.0642127936591201,80289.0
61517.0,64.0,10.0,100.0,0.84,0.0468368391313111,79267.0
61517.0,128.0,10.0,100.0,0.83,0.0313343392953245,78898.0
61517.0,256.0,10.0,100.0,0.83,0.0187996915146915,79463.0
61517.0,512.0,10.0,100.0,0.82,0.0216702061491104,79358.0
61517.0,1024.0,10.0,100.0,0.82,0.0122981231901012,79306.0
61517.0,2048.0,10.0,100.0,0.82,0.0125896382053607,79389.0
61517.0,4096.0,10.0,100.0,0.82,0.0117985491065431,79306.0
61043.0,8.0,10.0,100.0,0.82,0.0790279818300866,83834.0
61043.0,16.0,10.0,100.0,0.8,0.04999948113581,84912.0
61043.0,32.0,10.0,100.0,0.82,0.0574653932763982,82999.0
61043.0,64.0,10.0,100.0,0.83,0.0224660915385215,83502.0
61043.0,128.0,10.0,100.0,0.83,0.0285233027252513,82530.0
61043.0,256.0,10.0,100.0,0.83,0.0116693510494933,83346.0
61043.0,512.0,10.0,100.0,0.83,0.0190280459985151,83730.0
61043.0,1024.0,10.0,100.0,0.83,0.0089825119835785,83570.0
61043.0,2048.0,10.0,100.0,0.83,0.0134254240777664,83886.0
61043.0,4096.0,10.0,100.0,0.83,0.0043459165999116,83935.0
61604.0,8.0,10.0,100.0,0.86,0.0604605495602454,81851.0
61604.0,16.0,10.0,100.0,0.84,0.0823311443820101,78729.0
61604.0,32.0,10.0,100.0,0.82,0.0428172583104168,79172.0
61604.0,64.0,10.0,100.0,0.82,0.0513785325855737,81522.0
61604.0,128.0,10.0,100.0,0.83,0.0270134061134478,80438.0
61604.0,256.0,10.0,100.0,0.83,0.0339516061400031,80382.0
61604.0,512.0,10.0,100.0,0.83,0.0249353617195851,80875.0
61604.0,1024.0,10.0,100.0,0.82,0.020612891501314,80872.0
61604.0,2048.0,10.0,100.0,0.83,0.0106447196512523,80757.0
61604.0,4096.0,10.0,100.0,0.83,0.010781963503507,80691.0
21637.0,8.0,10.0,100.0,0.8,0.0985683393271716,80572.0
21637.0,16.0,10.0,100.0,0.82,0.0748452407840194,80739.0
21637.0,32.0,10.0,100.0,0.84,0.0514041318468241,78961.0
21637.0,64.0,10.0,100.0,0.83,0.049922686219214,79973.0
21637.0,128.0,10.0,100.0,0.83,0.0157680479842832,79429.0
21637.0,256.0,10.0,100.0,0.84,0.0136104212792009,80043.0
21637.0,512.0,10.0,100.0,0.84,0.0142463458291395,81420.0
21637.0,1024.0,10.0,100.0,0.84,0.0199946159186392,81220.0
21637.0,2048.0,10.0,100.0,0.84,0.0124233497436279,80869.0
21637.0,4096.0,10.0,100.0,0.84,0.0153400147742144,79993.0
39366.0,8.0,10.0,100.0,0.81,0.0518802832520586,80158.0
39366.0,16.0,10.0,100.0,0.84,0.0565088615556528,77802.0
39366.0,32.0,10.0,100.0,0.83,0.0261640941016521,80315.0
39366.0,64.0,10.0,100.0,0.82,0.0238678924863385,80594.0
39366.0,128.0,10.0,100.0,0.83,0.023119784076195,79671.0
39366.0,256.0,10.0,100.0,0.82,0.0251294585856999,80965.0
39366.0,512.0,10.0,100.0,0.82,0.0147261234399019,82950.0
39366.0,1024.0,10.0,100.0,0.82,0.0030651433197275,81182.0
39366.0,2048.0,10.0,100.0,0.82,0.004950637617539,81327.0
39366.0,4096.0,10.0,100.0,0.82,0.0066277733066368,82836.0
78997.0,8.0,10.0,100.0,0.85,0.0824377461650701,82282.0
78997.0,16.0,10.0,100.0,0.83,0.0481980466197534,82531.0
78997.0,32.0,10.0,100.0,0.85,0.0528106458018101,79281.0
78997.0,64.0,10.0,100.0,0.86,0.0232672093604186,81144.0
78997.0,128.0,10.0,100.0,0.86,0.024539824911843,81018.0
78997.0,256.0,10.0,100.0,0.86,0.0166869487640114,80491.0
78997.0,512.0,10.0,100.0,0.86,0.0145717907399182,79902.0
78997.0,1024.0,10.0,100.0,0.86,0.015874526581656,79862.0
78997.0,2048.0,10.0,100.0,0.86,0.0050669469770789,80490.0
78997.0,4096.0,10.0,100.0,0.86,0.0141690376181338,80450.0
44038.0,8.0,10.0,100.0,0.84,0.0830470647833753,79064.0
44038.0,16.0,10.0,100.0,0.84,0.0463196408037452,80191.0
44038.0,32.0,10.0,100.0,0.82,0.0331058309981549,84154.0
44038.0,64.0,10.0,100.0,0.82,0.0431567912552539,82457.0
44038.0,128.0,10.0,100.0,0.83,0.037326587080673,82561.0
44038.0,256.0,10.0,100.0,0.82,0.0363023500459015,82243.0
44038.0,512.0,10.0,100.0,0.82,0.0247997671241076,82233.0
44038.0,1024.0,10.0,100.0,0.83,0.0303344740823117,81105.0
44038.0,2048.0,10.0,100.0,0.83,0.0219427683832067,80645.0
44038.0,4096.0,10.0,100.0,0.83,0.0164381582041618,81236.0
81069.0,8.0,10.0,100.0,0.82,0.0686201730682129,80963.0
81069.0,16.0,10.0,100.0,0.84,0.0620871854404071,81537.0
81069.0,32.0,10.0,100.0,0.83,0.0630370030418218,81962.0
81069.0,64.0,10.0,100.0,0.84,0.0311632247116472,81683.0
81069.0,128.0,10.0,100.0,0.83,0.018399149392242,81619.0
81069.0,256.0,10.0,100.0,0.83,0.0165539715693922,81508.0
81069.0,512.0,10.0,100.0,0.83,0.0159841492781653,83041.0
81069.0,1024.0,10.0,100.0,0.82,0.0210640009442035,82145.0
81069.0,2048.0,10.0,100.0,0.83,0.0205262999837403,82928.0
81069.0,4096.0,10.0,100.0,0.82,0.0089376700816515,83463.0
78743.0,8.0,10.0,100.0,0.82,0.0808990351580896,82747.0
78743.0,16.0,10.0,100.0,0.81,0.0498843827483553,81353.0
78743.0,32.0,10.0,100.0,0.82,0.0372354146869904,82366.0
78743.0,64.0,10.0,100.0,0.83,0.0397558068307971,81638.0
78743.0,128.0,10.0,100.0,0.84,0.0321012574420191,81605.0
78743.0,256.0,10.0,100.0,0.82,0.0172556562483956,81810.0
78743.0,512.0,10.0,100.0,0.84,0.00915141266212,80930.0
78743.0,1024.0,10.0,100.0,0.83,0.0113908408195144,80862.0
78743.0,2048.0,10.0,100.0,0.83,0.0114304205961569,81043.0
78743.0,4096.0,10.0,100.0,0.83,0.0107250543872438,81695.0
30115.0,8.0,10.0,100.0,0.83,0.1034373188182612,78946.0
30115.0,16.0,10.0,100.0,0.82,0.055770492472549,80202.0
30115.0,32.0,10.0,100.0,0.83,0.0422895430171506,77547.0
30115.0,64.0,10.0,100.0,0.83,0.0313210644011118,78571.0
30115.0,128.0,10.0,100.0,0.83,0.0323530399818159,79946.0
30115.0,256.0,10.0,100.0,0.83,0.0245890780236463,78926.0
30115.0,512.0,10.0,100.0,0.83,0.0145479298887237,81359.0
30115.0,1024.0,10.0,100.0,0.83,0.019548071926101,79819.0
30115.0,2048.0,10.0,100.0,0.83,0.0059157157211766,80389.0
30115.0,4096.0,10.0,100.0,0.83,0.011048926375449,79480.0
13934.0,8.0,10.0,100.0,0.83,0.0509703342738807,77064.0
13934.0,16.0,10.0,100.0,0.83,0.0345377661774429,76491.0
13934.0,32.0,10.0,100.0,0.84,0.045661316963188,75476.0
13934.0,64.0,10.0,100.0,0.83,0.0377595317114693,77459.0
13934.0,128.0,10.0,100.0,0.85,0.0303083118687602,75953.0
13934.0,256.0,10.0,100.0,0.83,0.0300167356138841,76210.0
13934.0,512.0,10.0,100.0,0.83,0.0261603129212688,76210.0
13934.0,1024.0,10.0,100.0,0.83,0.0138384556209133,75785.0
13934.0,2048.0,10.0,100.0,0.84,0.0068384562614072,75701.0
13934.0,4096.0,10.0,100.0,0.83,0.017579029602482,75692.0
34753.0,8.0,1000.0,100.0,0.73,13.084969964679296,46439.0
34753.0,16.0,1000.0,100.0,0.75,9.608635618543248,42527.0
34753.0,32.0,1000.0,100.0,0.77,5.4276943935373385,43189.0
34753.0,64.0,1000.0,100.0,0.79,3.545596478476627,46805.0
34753.0,128.0,1000.0,100.0,0.81,2.2948010184435788,44038.0
34753.0,256.0,1000.0,100.0,0.77,2.0838783688594864,47120.0
34753.0,512.0,1000.0,100.0,0.84,0.9355116415515463,47717.0
34753.0,1024.0,1000.0,100.0,0.85,0.6837915452635142,49379.0
34753.0,2048.0,1000.0,100.0,0.84,1.287405514897081,49291.0
34753.0,4096.0,1000.0,100.0,0.87,1.4405071868464359,48787.0
932.0,8.0,1000.0,100.0,0.66,14.377249280563813,44506.0
932.0,16.0,1000.0,100.0,0.75,9.12862749814767,39553.0
932.0,32.0,1000.0,100.0,0.72,7.958247187889752,42543.0
932.0,64.0,1000.0,100.0,0.75,5.4798541395372045,40204.0
932.0,128.0,1000.0,100.0,0.82,4.243118845630091,39750.0
932.0,256.0,1000.0,100.0,0.87,3.2050517150059807,40251.0
932.0,512.0,1000.0,100.0,0.88,1.7799919208326729,42584.0
932.0,1024.0,1000.0,100.0,0.91,1.2137089536729513,41026.0
932.0,2048.0,1000.0,100.0,0.88,1.0788732095218432,43757.0
932.0,4096.0,1000.0,100.0,0.89,1.050436001481302,43822.0
61325.0,8.0,1000.0,100.0,0.67,11.682085368624437,42661.0
61325.0,16.0,1000.0,100.0,0.68,12.135002760496471,41230.0
61325.0,32.0,1000.0,100.0,0.81,6.555016383404591,42225.0
61325.0,64.0,1000.0,100.0,0.85,4.00219128251818,41640.0
61325.0,128.0,1000.0,100.0,0.8,2.7153749663926847,42050.0
61325.0,256.0,1000.0,100.0,0.84,2.0377083209194846,41988.0
61325.0,512.0,1000.0,100.0,0.81,1.4668797211823572,42598.0
61325.0,1024.0,1000.0,100.0,0.84,2.019563351110912,43311.0
61325.0,2048.0,1000.0,100.0,0.86,0.8306824590376436,41435.0
61325.0,4096.0,1000.0,100.0,0.88,0.9994397432402482,42073.0
85987.0,8.0,1000.0,100.0,0.69,14.88132117327747,41964.0
85987.0,16.0,1000.0,100.0,0.69,12.049788731415507,43076.0
85987.0,32.0,1000.0,100.0,0.74,6.693800124170423,41269.0
85987.0,64.0,1000.0,100.0,0.79,5.709597642458565,41298.0
85987.0,128.0,1000.0,100.0,0.83,3.587260770628588,43372.0
85987.0,256.0,1000.0,100.0,0.85,2.878510446466035,41822.0
85987.0,512.0,1000.0,100.0,0.83,1.9396306549840494,41997.0
85987.0,1024.0,1000.0,100.0,0.85,1.6543760128101783,43420.0
85987.0,2048.0,1000.0,100.0,0.88,2.0228876579447927,43940.0
85987.0,4096.0,1000.0,100.0,0.88,1.4389684133636649,43888.0
53492.0,8.0,1000.0,100.0,0.66,19.1418665382543,45592.0
53492.0,16.0,1000.0,100.0,0.68,15.728503668121663,41943.0
53492.0,32.0,1000.0,100.0,0.77,7.700343503667833,40596.0
53492.0,64.0,1000.0,100.0,0.81,5.741376418506576,43733.0
53492.0,128.0,1000.0,100.0,0.82,4.035795866232123,41328.0
53492.0,256.0,1000.0,100.0,0.86,1.67006147404012,42180.0
53492.0,512.0,1000.0,100.0,0.87,1.1989237452287567,43050.0
53492.0,1024.0,1000.0,100.0,0.88,1.3237951233236558,43513.0
53492.0,2048.0,1000.0,100.0,0.88,1.061904135066855,45156.0
53492.0,4096.0,1000.0,100.0,0.88,1.0450561850468807,47157.0
50778.0,8.0,1000.0,100.0,0.77,16.693581694699205,45336.0
50778.0,16.0,1000.0,100.0,0.75,11.807509187366465,41288.0
50778.0,32.0,1000.0,100.0,0.78,8.192984521596685,45025.0
50778.0,64.0,1000.0,100.0,0.88,3.797488490946017,42363.0
50778.0,128.0,1000.0,100.0,0.87,2.4566050018005465,43760.0
50778.0,256.0,1000.0,100.0,0.87,2.184209608169421,45515.0
50778.0,512.0,1000.0,100.0,0.9,1.3334959433543663,44769.0
50778.0,1024.0,1000.0,100.0,0.9,0.8838733991337155,44354.0
50778.0,2048.0,1000.0,100.0,0.86,1.325321241718367,46390.0
50778.0,4096.0,1000.0,100.0,0.91,0.8615069029103429,46058.0
48598.0,8.0,1000.0,100.0,0.73,10.949717389986876,39323.0
48598.0,16.0,1000.0,100.0,0.76,10.396176735821848,44965.0
48598.0,32.0,1000.0,100.0,0.77,6.730636768011329,44105.0
48598.0,64.0,1000.0,100.0,0.84,3.1019475450741307,44111.0
48598.0,128.0,1000.0,100.0,0.81,3.108783066462471,45007.0
48598.0,256.0,1000.0,100.0,0.87,1.245306480518933,43600.0
48598.0,512.0,1000.0,100.0,0.85,1.7867106517194484,42398.0
48598.0,1024.0,1000.0,100.0,0.9,0.7351455265244378,44202.0
48598.0,2048.0,1000.0,100.0,0.91,1.0788880002472307,45190.0
48598.0,4096.0,1000.0,100.0,0.89,1.0545618556892031,44519.0
61723.0,8.0,1000.0,100.0,0.77,16.83307467039768,39364.0
61723.0,16.0,1000.0,100.0,0.77,15.712493697755903,43513.0
61723.0,32.0,1000.0,100.0,0.78,13.254877968296844,43226.0
61723.0,64.0,1000.0,100.0,0.84,7.768738912141957,41510.0
61723.0,128.0,1000.0,100.0,0.87,4.010377608773362,42409.0
61723.0,256.0,1000.0,100.0,0.87,1.6515231313736933,45205.0
61723.0,512.0,1000.0,100.0,0.84,0.8913675785927606,44541.0
61723.0,1024.0,1000.0,100.0,0.87,1.4711598349882014,46563.0
61723.0,2048.0,1000.0,100.0,0.87,1.0295385495004679,44493.0
61723.0,4096.0,1000.0,100.0,0.84,1.1438849638257327,46628.0
97134.0,8.0,1000.0,100.0,0.69,22.875630350396204,43762.0
97134.0,16.0,1000.0,100.0,0.75,11.586435776656517,41674.0
97134.0,32.0,1000.0,100.0,0.77,7.322328466150173,48339.0
97134.0,64.0,1000.0,100.0,0.83,5.790861913204194,43361.0
97134.0,128.0,1000.0,100.0,0.85,1.9412329945693854,42603.0
97134.0,256.0,1000.0,100.0,0.86,1.5372747066627408,48328.0
97134.0,512.0,1000.0,100.0,0.89,0.8658171784781624,48926.0
97134.0,1024.0,1000.0,100.0,0.89,1.3603170631596997,48538.0
97134.0,2048.0,1000.0,100.0,0.92,1.1178411957911296,49296.0
97134.0,4096.0,1000.0,100.0,0.9,0.8436241043742028,47594.0
54509.0,8.0,1000.0,100.0,0.79,10.884988839108912,43197.0
54509.0,16.0,1000.0,100.0,0.74,9.706446190992944,39770.0
54509.0,32.0,1000.0,100.0,0.75,6.772511409977836,44161.0
54509.0,64.0,1000.0,100.0,0.79,4.613172840504676,44609.0
54509.0,128.0,1000.0,100.0,0.82,2.387428326833267,46031.0
54509.0,256.0,1000.0,100.0,0.85,1.3671472585078277,43936.0
54509.0,512.0,1000.0,100.0,0.83,1.472059445417849,44752.0
54509.0,1024.0,1000.0,100.0,0.85,0.8819256493830587,44650.0
54509.0,2048.0,1000.0,100.0,0.86,0.9652722328858809,45685.0
54509.0,4096.0,1000.0,100.0,0.87,1.1885444641592398,43087.0
27065.0,8.0,1000.0,100.0,0.74,14.295864705577083,41941.0
27065.0,16.0,1000.0,100.0,0.76,11.626648571788422,42605.0
27065.0,32.0,1000.0,100.0,0.76,7.13036707399651,43798.0
27065.0,64.0,1000.0,100.0,0.83,4.688057135372113,43806.0
27065.0,128.0,1000.0,100.0,0.8,3.8085079981756564,44453.0
27065.0,256.0,1000.0,100.0,0.83,1.7079759412392033,47190.0
27065.0,512.0,1000.0,100.0,0.88,1.2361023047556468,49210.0
27065.0,1024.0,1000.0,100.0,0.87,0.9256272316929003,51118.0
27065.0,2048.0,1000.0,100.0,0.88,1.0101681080453295,51663.0
27065.0,4096.0,1000.0,100.0,0.85,0.5466735699414519,50231.0
6820.0,8.0,1000.0,100.0,0.72,16.94977377575133,43577.0
6820.0,16.0,1000.0,100.0,0.74,10.935754940070957,43092.0
6820.0,32.0,1000.0,100.0,0.76,7.733035831701241,41699.0
6820.0,64.0,1000.0,100.0,0.72,6.322807166009923,43684.0
6820.0,128.0,1000.0,100.0,0.79,2.8495863133937993,42423.0
6820.0,256.0,1000.0,100.0,0.86,1.2832176745511243,43147.0
6820.0,512.0,1000.0,100.0,0.88,1.409647433865047,41174.0
6820.0,1024.0,1000.0,100.0,0.86,1.2668599886205232,43749.0
6820.0,2048.0,1000.0,100.0,0.9,0.9352378177281797,43646.0
6820.0,4096.0,1000.0,100.0,0.87,1.3414058030447493,44886.0
67783.0,8.0,1000.0,100.0,0.7,11.541531352686984,42101.0
67783.0,16.0,1000.0,100.0,0.73,9.53904385531739,44580.0
67783.0,32.0,1000.0,100.0,0.78,5.760733308334617,42294.0
67783.0,64.0,1000.0,100.0,0.78,5.491673756497321,44416.0
67783.0,128.0,1000.0,100.0,0.8,3.9449379965501166,46394.0
67783.0,256.0,1000.0,100.0,0.86,1.3837100447741064,46026.0
67783.0,512.0,1000.0,100.0,0.82,2.0778003120610093,45357.0
67783.0,1024.0,1000.0,100.0,0.83,1.4301204464625106,45331.0
67783.0,2048.0,1000.0,100.0,0.84,0.8983289691560765,48808.0
67783.0,4096.0,1000.0,100.0,0.86,0.9202134582218366,49640.0
76785.0,8.0,1000.0,100.0,0.76,11.48298489218482,36128.0
76785.0,16.0,1000.0,100.0,0.77,9.23937015500305,39894.0
76785.0,32.0,1000.0,100.0,0.79,9.127022566115913,41039.0
76785.0,64.0,1000.0,100.0,0.79,4.396698226221889,40994.0
76785.0,128.0,1000.0,100.0,0.79,2.983147742697828,43699.0
76785.0,256.0,1000.0,100.0,0.84,1.5578179019776321,43774.0
76785.0,512.0,1000.0,100.0,0.86,1.3478699772484004,42736.0
76785.0,1024.0,1000.0,100.0,0.88,1.2802723120877344,44989.0
76785.0,2048.0,1000.0,100.0,0.9,1.3920793692902764,43747.0
76785.0,4096.0,1000.0,100.0,0.89,0.9329290345438129,44236.0
27733.0,8.0,1000.0,100.0,0.7,16.18735414495311,37495.0
27733.0,16.0,1000.0,100.0,0.81,13.342167170437506,39119.0
27733.0,32.0,1000.0,100.0,0.77,6.355313811634507,42649.0
27733.0,64.0,1000.0,100.0,0.78,4.467867962777126,43358.0
27733.0,128.0,1000.0,100.0,0.78,4.360127045572437,44810.0
27733.0,256.0,1000.0,100.0,0.81,2.6867193786033328,43513.0
27733.0,512.0,1000.0,100.0,0.86,2.0180663944140864,45704.0
27733.0,1024.0,1000.0,100.0,0.87,1.5084234082596149,45985.0
27733.0,2048.0,1000.0,100.0,0.88,1.061512246830706,44674.0
27733.0,4096.0,1000.0,100.0,0.87,0.6233113787552164,45568.0
64343.0,8.0,1000.0,100.0,0.67,18.161394117740073,46142.0
64343.0,16.0,1000.0,100.0,0.75,9.283459757031487,42719.0
64343.0,32.0,1000.0,100.0,0.77,6.851633665922288,40566.0
64343.0,64.0,1000.0,100.0,0.77,4.510313260312605,42679.0
64343.0,128.0,1000.0,100.0,0.79,2.0997521457848016,41542.0
64343.0,256.0,1000.0,100.0,0.85,1.5949105280355766,44003.0
64343.0,512.0,1000.0,100.0,0.84,1.2374688064886668,43440.0
64343.0,1024.0,1000.0,100.0,0.88,1.5187192270009056,45066.0
64343.0,2048.0,1000.0,100.0,0.89,0.7677910739868445,42952.0
64343.0,4096.0,1000.0,100.0,0.87,0.7762438669549461,42332.0
54206.0,8.0,1000.0,100.0,0.72,11.160504918745337,40935.0
54206.0,16.0,1000.0,100.0,0.78,11.149213167174155,40058.0
54206.0,32.0,1000.0,100.0,0.77,9.932505175287618,42132.0
54206.0,64.0,1000.0,100.0,0.85,5.241461046397395,43087.0
54206.0,128.0,1000.0,100.0,0.82,4.062048427641215,46902.0
54206.0,256.0,1000.0,100.0,0.84,3.324785648205828,47379.0
54206.0,512.0,1000.0,100.0,0.84,1.2490166864491605,46993.0
54206.0,1024.0,1000.0,100.0,0.84,1.5409745007063558,51354.0
54206.0,2048.0,1000.0,100.0,0.88,0.910930879740291,48119.0
54206.0,4096.0,1000.0,100.0,0.87,0.6782704432775537,50266.0
58474.0,8.0,1000.0,100.0,0.72,12.257389916284765,44097.0
58474.0,16.0,1000.0,100.0,0.75,6.844353091107931,42199.0
58474.0,32.0,1000.0,100.0,0.78,4.8121121142950996,45703.0
58474.0,64.0,1000.0,100.0,0.83,2.0622705757078275,44253.0
58474.0,128.0,1000.0,100.0,0.83,2.5435245181617274,47049.0
58474.0,256.0,1000.0,100.0,0.84,1.9915962112708954,47078.0
58474.0,512.0,1000.0,100.0,0.85,1.6079359603751202,47127.0
58474.0,1024.0,1000.0,100.0,0.87,1.1869011950942476,47271.0
58474.0,2048.0,1000.0,100.0,0.89,0.9548543527043272,46072.0
58474.0,4096.0,1000.0,100.0,0.81,0.9226682414044897,49407.0
12468.0,8.0,1000.0,100.0,0.73,11.49516418078714,35674.0
12468.0,16.0,1000.0,100.0,0.76,9.317696044905281,39183.0
12468.0,32.0,1000.0,100.0,0.75,7.29748244237446,41504.0
12468.0,64.0,1000.0,100.0,0.79,4.224736167499658,41789.0
12468.0,128.0,1000.0,100.0,0.8,2.8125229995909535,44916.0
12468.0,256.0,1000.0,100.0,0.82,2.6848943284219784,44782.0
12468.0,512.0,1000.0,100.0,0.85,1.5561474911029607,45136.0
12468.0,1024.0,1000.0,100.0,0.84,1.3131549398927254,44893.0
12468.0,2048.0,1000.0,100.0,0.86,0.9366227176606483,45447.0
12468.0,4096.0,1000.0,100.0,0.89,0.9106623375552585,44744.0
12765.0,8.0,1000.0,100.0,0.69,15.935615960869153,42937.0
12765.0,16.0,1000.0,100.0,0.76,12.91531428762013,40935.0
12765.0,32.0,1000.0,100.0,0.75,11.006230942780242,43763.0
12765.0,64.0,1000.0,100.0,0.77,6.304861841090429,44710.0
12765.0,128.0,1000.0,100.0,0.83,4.50828361634363,42439.0
12765.0,256.0,1000.0,100.0,0.86,2.6173812223099464,44012.0
12765.0,512.0,1000.0,100.0,0.89,0.8694158751303815,44204.0
12765.0,1024.0,1000.0,100.0,0.87,1.40015529574778,44438.0
12765.0,2048.0,1000.0,100.0,0.89,0.7096721378554601,45905.0
12765.0,4096.0,1000.0,100.0,0.89,0.7896334317875504,43961.0
39769.0,8.0,1000.0,100.0,0.74,12.70370586742996,39708.0
39769.0,16.0,1000.0,100.0,0.77,8.766079544339132,32689.0
39769.0,32.0,1000.0,100.0,0.81,8.15169748267763,36377.0
39769.0,64.0,1000.0,100.0,0.78,6.834869382176137,39306.0
39769.0,128.0,1000.0,100.0,0.84,3.8453695975284425,38932.0
39769.0,256.0,1000.0,100.0,0.87,2.15231289051458,40060.0
39769.0,512.0,1000.0,100.0,0.81,1.9149789490196776,41796.0
39769.0,1024.0,1000.0,100.0,0.88,1.2666885310394789,44406.0
39769.0,2048.0,1000.0,100.0,0.88,0.9446792753546296,43268.0
39769.0,4096.0,1000.0,100.0,0.88,0.37101736505896227,41780.0
9932.0,8.0,1000.0,100.0,0.7,17.10720242528447,41004.0
9932.0,16.0,1000.0,100.0,0.7,8.252493925724584,42394.0
9932.0,32.0,1000.0,100.0,0.73,5.927555315277146,43494.0
9932.0,64.0,1000.0,100.0,0.73,5.461418467546251,42186.0
9932.0,128.0,1000.0,100.0,0.77,4.253126448393599,45834.0
9932.0,256.0,1000.0,100.0,0.77,2.258629659764602,43705.0
9932.0,512.0,1000.0,100.0,0.87,1.837059436032608,44125.0
9932.0,1024.0,1000.0,100.0,0.82,1.0032130301665008,44098.0
9932.0,2048.0,1000.0,100.0,0.84,0.7199602432936729,44465.0
9932.0,4096.0,1000.0,100.0,0.79,0.8490641937332418,43087.0
35933.0,8.0,1000.0,100.0,0.77,14.822870928816808,37295.0
35933.0,16.0,1000.0,100.0,0.78,7.538170796034607,42467.0
35933.0,32.0,1000.0,100.0,0.83,4.702437993945798,41533.0
35933.0,64.0,1000.0,100.0,0.83,4.91936496957406,40703.0
35933.0,128.0,1000.0,100.0,0.83,3.4057154737477,44994.0
35933.0,256.0,1000.0,100.0,0.86,2.2418391426621387,43392.0
35933.0,512.0,1000.0,100.0,0.85,1.265457425840224,44955.0
35933.0,1024.0,1000.0,100.0,0.83,1.1897409036473907,44570.0
35933.0,2048.0,1000.0,100.0,0.85,0.5742083469139215,45583.0
35933.0,4096.0,1000.0,100.0,0.87,0.9567095506328458,46224.0
6135.0,8.0,1000.0,100.0,0.75,15.457644401309812,41673.0
6135.0,16.0,1000.0,100.0,0.77,12.395071775041323,39483.0
6135.0,32.0,1000.0,100.0,0.82,7.433783597692346,42423.0
6135.0,64.0,1000.0,100.0,0.74,4.6007012290681715,43628.0
6135.0,128.0,1000.0,100.0,0.81,3.1040901521242223,41839.0
6135.0,256.0,1000.0,100.0,0.83,1.8271220871485963,44176.0
6135.0,512.0,1000.0,100.0,0.85,1.297996356944521,42861.0
6135.0,1024.0,1000.0,100.0,0.88,1.338900384496137,43800.0
6135.0,2048.0,1000.0,100.0,0.89,1.183981155431857,43254.0
6135.0,4096.0,1000.0,100.0,0.86,1.1685069648025352,42245.0
19602.0,8.0,1000.0,100.0,0.69,16.416845000697254,43123.0
19602.0,16.0,1000.0,100.0,0.76,11.444498085666051,44047.0
19602.0,32.0,1000.0,100.0,0.73,8.114703197008371,40099.0
19602.0,64.0,1000.0,100.0,0.76,7.808854187429074,42267.0
19602.0,128.0,1000.0,100.0,0.82,5.23346848406697,42877.0
19602.0,256.0,1000.0,100.0,0.85,2.122740092351299,45261.0
19602.0,512.0,1000.0,100.0,0.86,2.0960784210213284,43608.0
19602.0,1024.0,1000.0,100.0,0.87,0.8405286834558382,44718.0
19602.0,2048.0,1000.0,100.0,0.9,1.0479586032815615,41999.0
19602.0,4096.0,1000.0,100.0,0.9,0.9386483695048886,46182.0
41083.0,8.0,1000.0,100.0,0.73,11.538036836386208,43492.0
41083.0,16.0,1000.0,100.0,0.73,11.88281358958552,45664.0
41083.0,32.0,1000.0,100.0,0.78,8.29506810075977,45536.0
41083.0,64.0,1000.0,100.0,0.77,7.057124812178063,40916.0
41083.0,128.0,1000.0,100.0,0.83,3.6014715511154427,44612.0
41083.0,256.0,1000.0,100.0,0.89,2.367721356534969,45044.0
41083.0,512.0,1000.0,100.0,0.87,2.1316759427867673,45650.0
41083.0,1024.0,1000.0,100.0,0.89,1.6965436931047155,47336.0
41083.0,2048.0,1000.0,100.0,0.88,1.6203667441852503,44167.0
41083.0,4096.0,1000.0,100.0,0.89,1.2456026088204388,46854.0
43747.0,8.0,1000.0,100.0,0.73,17.054050304894126,40922.0
43747.0,16.0,1000.0,100.0,0.73,10.535080754516224,41193.0
43747.0,32.0,1000.0,100.0,0.78,6.423359118226153,40082.0
43747.0,64.0,1000.0,100.0,0.79,5.853024644570107,37644.0
43747.0,128.0,1000.0,100.0,0.8,3.5033465935688777,40852.0
43747.0,256.0,1000.0,100.0,0.8,1.9567030550777607,42953.0
43747.0,512.0,1000.0,100.0,0.85,1.4839019640867765,43362.0
43747.0,1024.0,1000.0,100.0,0.88,0.9722737834555022,42255.0
43747.0,2048.0,1000.0,100.0,0.89,1.7526857114909435,42440.0
43747.0,4096.0,1000.0,100.0,0.88,0.6857305417582432,43774.0
81362.0,8.0,1000.0,100.0,0.73,14.51897663342874,40599.0
81362.0,16.0,1000.0,100.0,0.75,12.167899188645563,38212.0
81362.0,32.0,1000.0,100.0,0.75,4.395358159707504,43943.0
81362.0,64.0,1000.0,100.0,0.78,2.7659679431740356,43993.0
81362.0,128.0,1000.0,100.0,0.79,1.8811611679358968,44003.0
81362.0,256.0,1000.0,100.0,0.79,1.084188155357416,45894.0
81362.0,512.0,1000.0,100.0,0.83,1.0160371392390213,45096.0
81362.0,1024.0,1000.0,100.0,0.8,0.8885574811797667,47282.0
81362.0,2048.0,1000.0,100.0,0.83,0.5048514400485189,45732.0
81362.0,4096.0,1000.0,100.0,0.81,0.5553034243242365,45610.0
54045.0,8.0,1000.0,100.0,0.7,17.36186261085002,43337.0
54045.0,16.0,1000.0,100.0,0.73,12.580814300900114,44036.0
54045.0,32.0,1000.0,100.0,0.76,7.845405781641556,43180.0
54045.0,64.0,1000.0,100.0,0.8,3.283661042141054,46812.0
54045.0,128.0,1000.0,100.0,0.8,3.0483429957522756,43596.0
54045.0,256.0,1000.0,100.0,0.87,1.5376456765021973,43782.0
54045.0,512.0,1000.0,100.0,0.89,1.245578748567498,42001.0
54045.0,1024.0,1000.0,100.0,0.9,1.1977438753268852,44239.0
54045.0,2048.0,1000.0,100.0,0.92,0.5352834895698564,44851.0
54045.0,4096.0,1000.0,100.0,0.89,1.0838046894837228,45338.0
83476.0,8.0,1000.0,100.0,0.73,15.74013076971384,44389.0
83476.0,16.0,1000.0,100.0,0.73,9.96296254606612,40913.0
83476.0,32.0,1000.0,100.0,0.78,6.6813003081470885,41936.0
83476.0,64.0,1000.0,100.0,0.79,4.656294172116828,43055.0
83476.0,128.0,1000.0,100.0,0.84,2.6981533043954955,41744.0
83476.0,256.0,1000.0,100.0,0.81,2.5521515783097537,45566.0
83476.0,512.0,1000.0,100.0,0.84,1.4443250777224321,44913.0
83476.0,1024.0,1000.0,100.0,0.85,1.8875490343505856,44614.0
83476.0,2048.0,1000.0,100.0,0.86,0.7679535294929749,45216.0
83476.0,4096.0,1000.0,100.0,0.85,1.2482476265100835,43187.0
24206.0,8.0,1000.0,100.0,0.72,16.647634575020767,40812.0
24206.0,16.0,1000.0,100.0,0.72,12.36453782441589,43942.0
24206.0,32.0,1000.0,100.0,0.74,9.719363480425374,40852.0
24206.0,64.0,1000.0,100.0,0.77,7.5898709904425035,41777.0
24206.0,128.0,1000.0,100.0,0.79,4.938237548488231,43214.0
24206.0,256.0,1000.0,100.0,0.85,2.7891768835488033,43651.0
24206.0,512.0,1000.0,100.0,0.82,2.071873138121635,42514.0
24206.0,1024.0,1000.0,100.0,0.87,1.322598603505178,44445.0
24206.0,2048.0,1000.0,100.0,0.88,0.4675676538972684,44553.0
24206.0,4096.0,1000.0,100.0,0.87,0.8764526080581325,43740.0
47806.0,8.0,1000.0,100.0,0.74,14.404179330600815,39719.0
47806.0,16.0,1000.0,100.0,0.78,8.225762780416165,43269.0
47806.0,32.0,1000.0,100.0,0.75,6.798301877614756,42321.0
47806.0,64.0,1000.0,100.0,0.78,5.164210699228829,45062.0
47806.0,128.0,1000.0,100.0,0.82,2.907927724526017,44687.0
47806.0,256.0,1000.0,100.0,0.85,2.0548685014072405,46895.0
47806.0,512.0,1000.0,100.0,0.89,0.9985995971348633,47801.0
47806.0,1024.0,1000.0,100.0,0.87,1.1140141067945684,46805.0
47806.0,2048.0,1000.0,100.0,0.91,0.6629970470546123,46577.0
47806.0,4096.0,1000.0,100.0,0.91,0.746784307347872,48553.0
63355.0,8.0,1000.0,100.0,0.77,15.58471664034957,37324.0
63355.0,16.0,1000.0,100.0,0.77,11.070385925649433,41304.0
63355.0,32.0,1000.0,100.0,0.73,8.90850864708883,41307.0
63355.0,64.0,1000.0,100.0,0.81,5.342404425236775,42433.0
63355.0,128.0,1000.0,100.0,0.85,4.296038576971034,41836.0
63355.0,256.0,1000.0,100.0,0.89,2.591011951910458,43686.0
63355.0,512.0,1000.0,100.0,0.87,2.566375334277584,43634.0
63355.0,1024.0,1000.0,100.0,0.91,1.8602748158023665,45052.0
63355.0,2048.0,1000.0,100.0,0.89,0.8259801989835037,44428.0
63355.0,4096.0,1000.0,100.0,0.91,0.7143865566366631,45769.0
8160.0,8.0,1000.0,100.0,0.71,13.9802807693799,40251.0
8160.0,16.0,1000.0,100.0,0.75,11.167976589307575,42066.0
8160.0,32.0,1000.0,100.0,0.77,9.049889969297801,42887.0
8160.0,64.0,1000.0,100.0,0.78,5.052650453751283,45064.0
8160.0,128.0,1000.0,100.0,0.8,4.068241616781834,46134.0
8160.0,256.0,1000.0,100.0,0.84,2.7032921350138586,46522.0
8160.0,512.0,1000.0,100.0,0.84,1.9515502097740423,43619.0
8160.0,1024.0,1000.0,100.0,0.85,1.499475628316591,44832.0
8160.0,2048.0,1000.0,100.0,0.85,1.4865631944098199,45319.0
8160.0,4096.0,1000.0,100.0,0.88,0.8208188585807253,45959.0
58019.0,8.0,1000.0,100.0,0.74,12.872207439723047,39228.0
58019.0,16.0,1000.0,100.0,0.73,8.59184838515746,42662.0
58019.0,32.0,1000.0,100.0,0.73,7.699167133276186,46352.0
58019.0,64.0,1000.0,100.0,0.76,5.83945434203256,46658.0
58019.0,128.0,1000.0,100.0,0.77,2.9956842345432544,44880.0
58019.0,256.0,1000.0,100.0,0.86,2.011375346491641,44860.0
58019.0,512.0,1000.0,100.0,0.87,1.5447219612701621,42486.0
58019.0,1024.0,1000.0,100.0,0.86,0.9908165212597544,45692.0
58019.0,2048.0,1000.0,100.0,0.83,0.8984484744837371,45772.0
58019.0,4096.0,1000.0,100.0,0.84,0.796458495019202,44945.0
21947.0,8.0,1000.0,100.0,0.69,11.93077021530686,40755.0
21947.0,16.0,1000.0,100.0,0.72,10.38736867288974,41103.0
21947.0,32.0,1000.0,100.0,0.72,8.215056812492103,42956.0
21947.0,64.0,1000.0,100.0,0.76,8.114692255072463,44023.0
21947.0,128.0,1000.0,100.0,0.73,4.050733675550728,41886.0
21947.0,256.0,1000.0,100.0,0.77,3.3049458443007955,44208.0
21947.0,512.0,1000.0,100.0,0.75,1.6462062067452021,44916.0
21947.0,1024.0,1000.0,100.0,0.78,1.173071369937735,44130.0
21947.0,2048.0,1000.0,100.0,0.79,1.3075334145419664,44404.0
21947.0,4096.0,1000.0,100.0,0.78,0.7195767461225444,46410.0
28421.0,8.0,1000.0,100.0,0.73,15.770925789779316,38220.0
28421.0,16.0,1000.0,100.0,0.78,11.92323636889956,39823.0
28421.0,32.0,1000.0,100.0,0.78,7.344702810394935,37156.0
28421.0,64.0,1000.0,100.0,0.82,1.7586222329951675,40146.0
28421.0,128.0,1000.0,100.0,0.8,1.9973969629178838,42334.0
28421.0,256.0,1000.0,100.0,0.84,1.8555162199549011,40333.0
28421.0,512.0,1000.0,100.0,0.85,0.7845840525276244,42439.0
28421.0,1024.0,1000.0,100.0,0.88,1.4029673964269995,43836.0
28421.0,2048.0,1000.0,100.0,0.85,0.8909999627301,41956.0
28421.0,4096.0,1000.0,100.0,0.87,0.8903743018593521,43338.0
76604.0,8.0,1000.0,100.0,0.77,12.40473642717408,41764.0
76604.0,16.0,1000.0,100.0,0.73,9.849804450073167,41642.0
76604.0,32.0,1000.0,100.0,0.78,8.360145978090136,44237.0
76604.0,64.0,1000.0,100.0,0.84,4.816287832616391,42233.0
76604.0,128.0,1000.0,100.0,0.78,2.0010509591856045,47793.0
76604.0,256.0,1000.0,100.0,0.84,1.343916474761381,44024.0
76604.0,512.0,1000.0,100.0,0.87,1.170593908305866,45749.0
76604.0,1024.0,1000.0,100.0,0.84,1.9595240756728758,47153.0
76604.0,2048.0,1000.0,100.0,0.89,1.1387760359828616,47576.0
76604.0,4096.0,1000.0,100.0,0.88,1.0735245165731642,46948.0
80514.0,8.0,1000.0,100.0,0.69,14.000705434546925,44666.0
80514.0,16.0,1000.0,100.0,0.69,11.700450276184041,47637.0
80514.0,32.0,1000.0,100.0,0.77,4.450460718002341,47096.0
80514.0,64.0,1000.0,100.0,0.77,3.0789962593934774,44797.0
80514.0,128.0,1000.0,100.0,0.82,2.7126101378987233,49093.0
80514.0,256.0,1000.0,100.0,0.81,1.8885218049779773,48003.0
80514.0,512.0,1000.0,100.0,0.79,1.3524355812504207,47259.0
80514.0,1024.0,1000.0,100.0,0.87,1.3672058017863777,48062.0
80514.0,2048.0,1000.0,100.0,0.89,1.0655655790682614,47006.0
80514.0,4096.0,1000.0,100.0,0.88,0.5890145108973729,49658.0
61517.0,8.0,1000.0,100.0,0.72,9.03970162283837,42279.0
61517.0,16.0,1000.0,100.0,0.78,5.122923119945962,38198.0
61517.0,32.0,1000.0,100.0,0.81,3.364102287347289,42253.0
61517.0,64.0,1000.0,100.0,0.81,3.0211093554978374,40792.0
61517.0,128.0,1000.0,100.0,0.81,2.0352532643418395,40727.0
61517.0,256.0,1000.0,100.0,0.8,1.5321079823296722,43036.0
61517.0,512.0,1000.0,100.0,0.8,1.232489678107576,44259.0
61517.0,1024.0,1000.0,100.0,0.83,0.8791534970080449,42453.0
61517.0,2048.0,1000.0,100.0,0.89,1.0614620160904082,42362.0
61517.0,4096.0,1000.0,100.0,0.9,1.3351744636839822,42076.0
61043.0,8.0,1000.0,100.0,0.72,13.454270574255817,40552.0
61043.0,16.0,1000.0,100.0,0.73,8.28380302624431,38080.0
61043.0,32.0,1000.0,100.0,0.76,6.596576831204889,44005.0
61043.0,64.0,1000.0,100.0,0.79,5.590282820036535,42112.0
61043.0,128.0,1000.0,100.0,0.83,3.13315790591448,40630.0
61043.0,256.0,1000.0,100.0,0.86,1.871001499967962,42503.0
61043.0,512.0,1000.0,100.0,0.86,1.6661575555082422,44902.0
61043.0,1024.0,1000.0,100.0,0.85,0.9767118729347689,45580.0
61043.0,2048.0,1000.0,100.0,0.85,0.7778673071223691,43783.0
61043.0,4096.0,1000.0,100.0,0.84,0.7581629038137423,44927.0
61604.0,8.0,1000.0,100.0,0.77,16.566493078370264,42971.0
61604.0,16.0,1000.0,100.0,0.78,8.963452414415794,37573.0
61604.0,32.0,1000.0,100.0,0.8,7.869457218118742,42626.0
61604.0,64.0,1000.0,100.0,0.81,3.8418514794355634,40558.0
61604.0,128.0,1000.0,100.0,0.82,2.7449258939015713,46515.0
61604.0,256.0,1000.0,100.0,0.84,2.3526261526666676,46992.0
61604.0,512.0,1000.0,100.0,0.83,1.75417069062044,46511.0
61604.0,1024.0,1000.0,100.0,0.83,1.3617026788556668,46900.0
61604.0,2048.0,1000.0,100.0,0.83,2.0853971296094493,46398.0
61604.0,4096.0,1000.0,100.0,0.85,1.6371141124396078,46850.0
21637.0,8.0,1000.0,100.0,0.74,15.875657350847083,38100.0
21637.0,16.0,1000.0,100.0,0.76,9.568324740124016,42565.0
21637.0,32.0,1000.0,100.0,0.77,6.209929661269545,38456.0
21637.0,64.0,1000.0,100.0,0.82,2.352506165010906,41654.0
21637.0,128.0,1000.0,100.0,0.88,3.0922837685620626,41951.0
21637.0,256.0,1000.0,100.0,0.85,2.3549912181970596,42198.0
21637.0,512.0,1000.0,100.0,0.85,2.0137584207229553,41435.0
21637.0,1024.0,1000.0,100.0,0.85,1.7675177925701058,44433.0
21637.0,2048.0,1000.0,100.0,0.89,1.3086051548028308,42310.0
21637.0,4096.0,1000.0,100.0,0.9,0.9095152843495449,42677.0
39366.0,8.0,1000.0,100.0,0.69,13.311562228204314,42508.0
39366.0,16.0,1000.0,100.0,0.73,12.214516257497603,46295.0
39366.0,32.0,1000.0,100.0,0.75,6.606030026455741,42376.0
39366.0,64.0,1000.0,100.0,0.73,4.70851473229463,42173.0
39366.0,128.0,1000.0,100.0,0.82,2.8311915574598916,47429.0
39366.0,256.0,1000.0,100.0,0.89,1.573300084148662,49708.0
39366.0,512.0,1000.0,100.0,0.88,1.2364263694969526,46389.0
39366.0,1024.0,1000.0,100.0,0.88,0.9387433250401263,47385.0
39366.0,2048.0,1000.0,100.0,0.87,1.144358304558785,47665.0
39366.0,4096.0,1000.0,100.0,0.91,0.6183661393998393,49459.0
78997.0,8.0,1000.0,100.0,0.7,14.642685261966353,47704.0
78997.0,16.0,1000.0,100.0,0.66,12.181422699094336,43625.0
78997.0,32.0,1000.0,100.0,0.68,9.245834625758395,42200.0
78997.0,64.0,1000.0,100.0,0.71,6.919335280803148,45158.0
78997.0,128.0,1000.0,100.0,0.77,3.4572622379847187,44981.0
78997.0,256.0,1000.0,100.0,0.85,2.192401220126694,42520.0
78997.0,512.0,1000.0,100.0,0.87,1.305206849860727,42634.0
78997.0,1024.0,1000.0,100.0,0.89,0.816311151057608,44270.0
78997.0,2048.0,1000.0,100.0,0.8,1.7363118221214089,45078.0
78997.0,4096.0,1000.0,100.0,0.87,0.9855326866843785,44073.0
44038.0,8.0,1000.0,100.0,0.7,12.634406026061907,41868.0
44038.0,16.0,1000.0,100.0,0.71,13.396687248607687,42158.0
44038.0,32.0,1000.0,100.0,0.71,10.790723614088071,45722.0
44038.0,64.0,1000.0,100.0,0.71,6.40660441078586,45314.0
44038.0,128.0,1000.0,100.0,0.73,3.7454519246209417,45233.0
44038.0,256.0,1000.0,100.0,0.76,2.8146691336953897,45280.0
44038.0,512.0,1000.0,100.0,0.83,1.441651983769723,47856.0
44038.0,1024.0,1000.0,100.0,0.9,1.1927884494333854,46970.0
44038.0,2048.0,1000.0,100.0,0.89,1.117083444220437,42608.0
44038.0,4096.0,1000.0,100.0,0.85,0.9185564392152139,44385.0
81069.0,8.0,1000.0,100.0,0.69,11.92352875489853,37825.0
81069.0,16.0,1000.0,100.0,0.72,11.127221464804448,39600.0
81069.0,32.0,1000.0,100.0,0.77,6.336244588062981,44928.0
81069.0,64.0,1000.0,100.0,0.8,4.901971680595719,43454.0
81069.0,128.0,1000.0,100.0,0.83,2.991704104339286,45643.0
81069.0,256.0,1000.0,100.0,0.87,1.6950259052751044,44467.0
81069.0,512.0,1000.0,100.0,0.85,1.444661161571942,45666.0
81069.0,1024.0,1000.0,100.0,0.87,1.1676361452141282,47118.0
81069.0,2048.0,1000.0,100.0,0.89,1.264257941509015,46869.0
81069.0,4096.0,1000.0,100.0,0.91,0.9225507131900377,46712.0
78743.0,8.0,1000.0,100.0,0.71,17.279448168749276,46577.0
78743.0,16.0,1000.0,100.0,0.71,10.963163057892812,40257.0
78743.0,32.0,1000.0,100.0,0.76,8.403319297583346,43616.0
78743.0,64.0,1000.0,100.0,0.74,5.917863246969991,44713.0
78743.0,128.0,1000.0,100.0,0.8,2.5984360437945253,44990.0
78743.0,256.0,1000.0,100.0,0.78,2.211209416914413,44223.0
78743.0,512.0,1000.0,100.0,0.78,1.5990276119624849,45076.0
78743.0,1024.0,1000.0,100.0,0.9,1.2424900712615141,45583.0
78743.0,2048.0,1000.0,100.0,0.88,1.1376978786631695,45352.0
78743.0,4096.0,1000.0,100.0,0.85,0.7408175572430191,46312.0
30115.0,8.0,1000.0,100.0,0.67,16.315010182890624,38803.0
30115.0,16.0,1000.0,100.0,0.72,8.04265048512739,40973.0
30115.0,32.0,1000.0,100.0,0.72,7.86826808174087,44390.0
30115.0,64.0,1000.0,100.0,0.8,3.6904505646687316,42751.0
30115.0,128.0,1000.0,100.0,0.85,2.6604808813249465,44506.0
30115.0,256.0,1000.0,100.0,0.82,2.696259050092797,47174.0
30115.0,512.0,1000.0,100.0,0.83,1.7872596714599394,44926.0
30115.0,1024.0,1000.0,100.0,0.85,1.2169013874577346,46457.0
30115.0,2048.0,1000.0,100.0,0.84,1.3301995878722304,45945.0
30115.0,4096.0,1000.0,100.0,0.86,0.886090796187341,45048.0
13934.0,8.0,1000.0,100.0,0.73,11.937910372939033,37184.0
13934.0,16.0,1000.0,100.0,0.72,10.586270440413742,38539.0
13934.0,32.0,1000.0,100.0,0.75,5.6088987631864455,43686.0
13934.0,64.0,1000.0,100.0,0.84,3.2733728281662455,41975.0
13934.0,128.0,1000.0,100.0,0.78,3.0504075310349963,44502.0
13934.0,256.0,1000.0,100.0,0.83,2.0251550700624916,45968.0
13934.0,512.0,1000.0,100.0,0.89,2.0498576902899037,44948.0
13934.0,1024.0,1000.0,100.0,0.87,1.3128970941312503,44918.0
13934.0,2048.0,1000.0,100.0,0.89,1.9209657949703112,44443.0
13934.0,4096.0,1000.0,100.0,0.87,1.0613020363245547,44010.0
