seed,R,C,M,train acc,test acc,epsilon,evaluations
87453.0,1.0,10.0,100.0,0.985,,1.0099479612904707,85150.0
87453.0,4.0,10.0,100.0,0.992,,0.3289524145515086,79310.0
87453.0,8.0,10.0,100.0,0.992,,0.1226998613347341,73653.0
87453.0,64.0,10.0,100.0,0.993,,0.0855810291357912,72712.0
87453.0,256.0,10.0,100.0,0.994,,0.0187975157707951,74222.0
87453.0,512.0,10.0,100.0,0.994,,0.0133841711834502,74676.0
87453.0,1024.0,10.0,100.0,0.994,,0.0110459108309827,74937.0
87453.0,2048.0,10.0,100.0,0.994,,0.022932220962489,75111.0
87453.0,4096.0,10.0,100.0,0.993,,0.0038777126986462,73665.0
30633.0,1.0,10.0,100.0,0.982,,1.0006170526555007,84812.0
30633.0,4.0,10.0,100.0,0.992,,0.3245583616909417,80864.0
30633.0,8.0,10.0,100.0,0.992,,0.1413052364632377,77521.0
30633.0,64.0,10.0,100.0,0.992,,0.1087202614268503,69439.0
30633.0,256.0,10.0,100.0,0.993,,0.0243631969242296,72102.0
30633.0,512.0,10.0,100.0,0.993,,0.0139398300058811,72149.0
30633.0,1024.0,10.0,100.0,0.994,,0.009725092814147,72542.0
30633.0,2048.0,10.0,100.0,0.994,,0.020654288914263,72987.0
30633.0,4096.0,10.0,100.0,0.992,,0.0091523672162626,70994.0
38630.0,1.0,10.0,100.0,0.986,,0.9442798132502868,84706.0
38630.0,4.0,10.0,100.0,0.991,,0.3853744007359859,78137.0
38630.0,8.0,10.0,100.0,0.993,,0.1826112648941906,73387.0
38630.0,64.0,10.0,100.0,0.992,,0.1141206769648615,68660.0
38630.0,256.0,10.0,100.0,0.992,,0.027048385196972,69637.0
38630.0,512.0,10.0,100.0,0.992,,0.0161284487872436,68672.0
38630.0,1024.0,10.0,100.0,0.992,,0.010114694431499,71711.0
38630.0,2048.0,10.0,100.0,0.992,,0.0185155441953461,70987.0
38630.0,4096.0,10.0,100.0,0.992,,0.0095567215483994,70645.0
36003.0,1.0,10.0,100.0,0.985,,1.0614802209508396,82739.0
36003.0,4.0,10.0,100.0,0.992,,0.346455479187652,76297.0
36003.0,8.0,10.0,100.0,0.991,,0.1553937626128285,72270.0
36003.0,64.0,10.0,100.0,0.992,,0.1120058229802063,65638.0
36003.0,256.0,10.0,100.0,0.992,,0.031161727074539,68121.0
36003.0,512.0,10.0,100.0,0.992,,0.0162386059667201,67273.0
36003.0,1024.0,10.0,100.0,0.992,,0.0161683773495387,69629.0
36003.0,2048.0,10.0,100.0,0.992,,0.0172072151781773,69486.0
36003.0,4096.0,10.0,100.0,0.992,,0.004031538178161,67678.0
18080.0,1.0,10.0,100.0,0.984,,0.9501175607807044,87354.0
18080.0,4.0,10.0,100.0,0.992,,0.3055673783197405,78394.0
18080.0,8.0,10.0,100.0,0.992,,0.1420077538902093,71869.0
18080.0,64.0,10.0,100.0,0.992,,0.1045606018465185,65528.0
18080.0,256.0,10.0,100.0,0.992,,0.0300482143530113,69000.0
18080.0,512.0,10.0,100.0,0.992,,0.0234753974906482,68276.0
18080.0,1024.0,10.0,100.0,0.992,,0.0110952136535053,70187.0
18080.0,2048.0,10.0,100.0,0.992,,0.02005339021218,69494.0
18080.0,4096.0,10.0,100.0,0.992,,0.0082051635278405,69803.0
51116.0,1.0,10.0,100.0,0.981,,0.9465969906307004,85530.0
51116.0,4.0,10.0,100.0,0.991,,0.3039530306791843,77215.0
51116.0,8.0,10.0,100.0,0.991,,0.1065831081215564,74445.0
51116.0,64.0,10.0,100.0,0.992,,0.0958928248219328,67082.0
51116.0,256.0,10.0,100.0,0.992,,0.0177851384398905,69997.0
51116.0,512.0,10.0,100.0,0.992,,0.015016663930114,70866.0
51116.0,1024.0,10.0,100.0,0.992,,0.0115764072515598,70103.0
51116.0,2048.0,10.0,100.0,0.992,,0.0142389940003976,70384.0
51116.0,4096.0,10.0,100.0,0.992,,0.0114178143727031,70723.0
62549.0,1.0,10.0,100.0,0.983,,0.9501303100471375,84378.0
62549.0,4.0,10.0,100.0,0.992,,0.2960160451429542,81688.0
62549.0,8.0,10.0,100.0,0.992,,0.1135137601194564,76073.0
62549.0,64.0,10.0,100.0,0.992,,0.093022236703192,70312.0
62549.0,256.0,10.0,100.0,0.992,,0.01897258593314,70601.0
62549.0,512.0,10.0,100.0,0.992,,0.0139873985555243,71517.0
62549.0,1024.0,10.0,100.0,0.992,,0.0114709912875445,73159.0
62549.0,2048.0,10.0,100.0,0.992,,0.0167150164771688,71486.0
62549.0,4096.0,10.0,100.0,0.992,,0.0030283628246942,71510.0
24583.0,1.0,10.0,100.0,0.983,,1.0823922689361654,86851.0
24583.0,4.0,10.0,100.0,0.992,,0.3459791171085061,80881.0
24583.0,8.0,10.0,100.0,0.993,,0.1450647103730361,75588.0
24583.0,64.0,10.0,100.0,0.993,,0.1121757446335853,69431.0
24583.0,256.0,10.0,100.0,0.993,,0.0362577154204785,72302.0
24583.0,512.0,10.0,100.0,0.993,,0.0206541633839953,72843.0
24583.0,1024.0,10.0,100.0,0.993,,0.0148690322659424,72847.0
24583.0,2048.0,10.0,100.0,0.994,,0.0144693142199241,73758.0
24583.0,4096.0,10.0,100.0,0.994,,0.012988493224274,72847.0
41004.0,1.0,10.0,100.0,0.981,,1.026098387577572,85241.0
41004.0,4.0,10.0,100.0,0.992,,0.3199499791690081,78805.0
41004.0,8.0,10.0,100.0,0.992,,0.1367303521035241,76377.0
41004.0,64.0,10.0,100.0,0.992,,0.104359370375348,68724.0
41004.0,256.0,10.0,100.0,0.992,,0.026799017515179,72030.0
41004.0,512.0,10.0,100.0,0.993,,0.0093538163623714,72256.0
41004.0,1024.0,10.0,100.0,0.993,,0.0104096009806983,74707.0
41004.0,2048.0,10.0,100.0,0.993,,0.0178545263913027,74382.0
41004.0,4096.0,10.0,100.0,0.992,,0.0098920866104853,71489.0
63952.0,1.0,10.0,100.0,0.979,,1.0666163229391792,85203.0
63952.0,4.0,10.0,100.0,0.992,,0.332119592495935,79936.0
63952.0,8.0,10.0,100.0,0.992,,0.1545578985122332,75455.0
63952.0,64.0,10.0,100.0,0.992,,0.0887062984124323,70203.0
63952.0,256.0,10.0,100.0,0.992,,0.0160242882758797,71326.0
63952.0,512.0,10.0,100.0,0.993,,0.02067175849518,72336.0
63952.0,1024.0,10.0,100.0,0.993,,0.0127189130307229,72358.0
63952.0,2048.0,10.0,100.0,0.993,,0.0181600657142868,72358.0
63952.0,4096.0,10.0,100.0,0.993,,0.0084787584350209,72070.0
2817.0,1.0,10.0,100.0,0.984,,0.9889458465961284,85717.0
2817.0,4.0,10.0,100.0,0.993,,0.3406035652647838,78680.0
2817.0,8.0,10.0,100.0,0.992,,0.1384761669548232,73050.0
2817.0,64.0,10.0,100.0,0.992,,0.0934821041472864,65787.0
2817.0,256.0,10.0,100.0,0.993,,0.026303324479749,66340.0
2817.0,512.0,10.0,100.0,0.993,,0.0258935249121748,67695.0
2817.0,1024.0,10.0,100.0,0.993,,0.0161122481655405,68221.0
2817.0,2048.0,10.0,100.0,0.993,,0.0120762704244636,68221.0
2817.0,4096.0,10.0,100.0,0.993,,0.0107871948147045,66833.0
91454.0,1.0,10.0,100.0,0.982,,0.988414403657886,84079.0
91454.0,4.0,10.0,100.0,0.99,,0.3708645050373763,76864.0
91454.0,8.0,10.0,100.0,0.991,,0.1735069332993923,71353.0
91454.0,64.0,10.0,100.0,0.992,,0.1075202206546152,64007.0
91454.0,256.0,10.0,100.0,0.992,,0.0188406935455886,66267.0
91454.0,512.0,10.0,100.0,0.992,,0.0171126900404838,66427.0
91454.0,1024.0,10.0,100.0,0.992,,0.013675608795897,67138.0
91454.0,2048.0,10.0,100.0,0.992,,0.0178846801508088,67334.0
91454.0,4096.0,10.0,100.0,0.992,,0.0120617425398624,66191.0
94802.0,1.0,10.0,100.0,0.986,,1.118823487531606,82676.0
94802.0,4.0,10.0,100.0,0.99,,0.388484725817507,77770.0
94802.0,8.0,10.0,100.0,0.992,,0.1737063347966586,73131.0
94802.0,64.0,10.0,100.0,0.993,,0.1135556025858735,67622.0
94802.0,256.0,10.0,100.0,0.993,,0.0257562069180129,69698.0
94802.0,512.0,10.0,100.0,0.993,,0.008153636837677,70543.0
94802.0,1024.0,10.0,100.0,0.994,,0.0070233871850243,69619.0
94802.0,2048.0,10.0,100.0,0.994,,0.0154015445649239,68750.0
94802.0,4096.0,10.0,100.0,0.993,,0.0098112637927323,70177.0
50552.0,1.0,10.0,100.0,0.982,,1.031350882520703,85661.0
50552.0,4.0,10.0,100.0,0.991,,0.3231513307743884,78548.0
50552.0,8.0,10.0,100.0,0.992,,0.1282055547567433,71752.0
50552.0,64.0,10.0,100.0,0.992,,0.0921841309497726,67315.0
50552.0,256.0,10.0,100.0,0.992,,0.0181369232242437,69119.0
50552.0,512.0,10.0,100.0,0.992,,0.0121748098695576,70211.0
50552.0,1024.0,10.0,100.0,0.992,,0.0042580128532174,70285.0
50552.0,2048.0,10.0,100.0,0.992,,0.0226664852311422,71314.0
50552.0,4096.0,10.0,100.0,0.992,,0.0106408920058207,70952.0
99057.0,1.0,10.0,100.0,0.982,,1.066245135040386,85949.0
99057.0,4.0,10.0,100.0,0.991,,0.3904883676221753,78962.0
99057.0,8.0,10.0,100.0,0.992,,0.1758407285925956,72793.0
99057.0,64.0,10.0,100.0,0.991,,0.1046262702092621,65309.0
99057.0,256.0,10.0,100.0,0.992,,0.0234476171290448,67783.0
99057.0,512.0,10.0,100.0,0.992,,0.0154932935192776,67696.0
99057.0,1024.0,10.0,100.0,0.992,,0.0107717852954288,68319.0
99057.0,2048.0,10.0,100.0,0.991,,0.0169173241954375,68001.0
99057.0,4096.0,10.0,100.0,0.991,,0.0046616549370294,67696.0
80176.0,1.0,10.0,100.0,0.983,,1.0905432054755886,84334.0
80176.0,4.0,10.0,100.0,0.992,,0.3387333969109813,75104.0
80176.0,8.0,10.0,100.0,0.992,,0.1525961684779539,71976.0
80176.0,64.0,10.0,100.0,0.992,,0.1074950372614038,66535.0
80176.0,256.0,10.0,100.0,0.993,,0.021444324764832,66074.0
80176.0,512.0,10.0,100.0,0.993,,0.0103857000415634,67262.0
80176.0,1024.0,10.0,100.0,0.992,,0.0089599895292427,66810.0
80176.0,2048.0,10.0,100.0,0.993,,0.0179309426014739,67501.0
80176.0,4096.0,10.0,100.0,0.993,,0.0105961829371418,66285.0
86040.0,1.0,10.0,100.0,0.987,,1.0549528690968033,87457.0
86040.0,4.0,10.0,100.0,0.99,,0.4630408521857854,80508.0
86040.0,8.0,10.0,100.0,0.994,,0.2341834924130084,74462.0
86040.0,64.0,10.0,100.0,0.992,,0.1152945680011911,67559.0
86040.0,256.0,10.0,100.0,0.992,,0.0301197496163062,70788.0
86040.0,512.0,10.0,100.0,0.992,,0.0199563721203053,71831.0
86040.0,1024.0,10.0,100.0,0.992,,0.0168478002736055,72435.0
86040.0,2048.0,10.0,100.0,0.992,,0.0183655159921086,73007.0
86040.0,4096.0,10.0,100.0,0.992,,0.0087994581860058,72271.0
3833.0,1.0,10.0,100.0,0.982,,1.0078170409280838,87129.0
3833.0,4.0,10.0,100.0,0.992,,0.2900094590770096,78921.0
3833.0,8.0,10.0,100.0,0.991,,0.119633558460141,75319.0
3833.0,64.0,10.0,100.0,0.993,,0.11699782074024,66243.0
3833.0,256.0,10.0,100.0,0.992,,0.0312189450832794,69293.0
3833.0,512.0,10.0,100.0,0.992,,0.0258538079074142,69469.0
3833.0,1024.0,10.0,100.0,0.992,,0.0153104518663943,70617.0
3833.0,2048.0,10.0,100.0,0.992,,0.0098018245686439,70580.0
3833.0,4096.0,10.0,100.0,0.992,,0.008844179560181,71541.0
11139.0,1.0,10.0,100.0,0.987,,1.0090757271446646,82852.0
11139.0,4.0,10.0,100.0,0.992,,0.3697316788457724,77978.0
11139.0,8.0,10.0,100.0,0.992,,0.1767027326603285,72455.0
11139.0,64.0,10.0,100.0,0.992,,0.1401349409080882,67857.0
11139.0,256.0,10.0,100.0,0.992,,0.0319251447593401,67822.0
11139.0,512.0,10.0,100.0,0.992,,0.0209285714854478,68642.0
11139.0,1024.0,10.0,100.0,0.992,,0.0139678529944421,67833.0
11139.0,2048.0,10.0,100.0,0.992,,0.0117955589370081,68360.0
11139.0,4096.0,10.0,100.0,0.992,,0.0091557760608038,68642.0
95270.0,1.0,10.0,100.0,0.983,,0.9840618065084096,84361.0
95270.0,4.0,10.0,100.0,0.992,,0.3095187171772272,78455.0
95270.0,8.0,10.0,100.0,0.992,,0.1272072140465959,73067.0
95270.0,64.0,10.0,100.0,0.992,,0.0993808491848213,67627.0
95270.0,256.0,10.0,100.0,0.992,,0.0225153502993513,70127.0
95270.0,512.0,10.0,100.0,0.992,,0.0107259744466118,70542.0
95270.0,1024.0,10.0,100.0,0.992,,0.0107461214642117,70586.0
95270.0,2048.0,10.0,100.0,0.992,,0.019068129583118,69800.0
95270.0,4096.0,10.0,100.0,0.992,,0.0102623216311504,69208.0
19659.0,1.0,10.0,100.0,0.981,,1.0016909579645277,84314.0
19659.0,4.0,10.0,100.0,0.991,,0.3433220373912714,80277.0
19659.0,8.0,10.0,100.0,0.992,,0.1655445869816442,75415.0
19659.0,64.0,10.0,100.0,0.992,,0.1174674335591668,69380.0
19659.0,256.0,10.0,100.0,0.992,,0.0302188500585608,71007.0
19659.0,512.0,10.0,100.0,0.992,,0.0178590675122146,71860.0
19659.0,1024.0,10.0,100.0,0.992,,0.011542712672773,72036.0
19659.0,2048.0,10.0,100.0,0.992,,0.0129661803764529,72183.0
19659.0,4096.0,10.0,100.0,0.992,,0.0104229094624723,70592.0
36650.0,1.0,10.0,100.0,0.981,,0.9805434717086922,85650.0
36650.0,4.0,10.0,100.0,0.992,,0.362611625420232,78114.0
36650.0,8.0,10.0,100.0,0.992,,0.1712837885661945,72025.0
36650.0,64.0,10.0,100.0,0.993,,0.1070104066502292,68459.0
36650.0,256.0,10.0,100.0,0.993,,0.0265980502062503,73096.0
36650.0,512.0,10.0,100.0,0.993,,0.0075165527722769,71576.0
36650.0,1024.0,10.0,100.0,0.993,,0.0145842858697559,72595.0
36650.0,2048.0,10.0,100.0,0.993,,0.0166128760171972,72832.0
36650.0,4096.0,10.0,100.0,0.993,,0.0108808899624162,72821.0
10342.0,1.0,10.0,100.0,0.984,,0.9623364766714488,84514.0
10342.0,4.0,10.0,100.0,0.992,,0.3241404930918875,79793.0
10342.0,8.0,10.0,100.0,0.992,,0.1349958419125445,76291.0
10342.0,64.0,10.0,100.0,0.992,,0.0987408305917148,67581.0
10342.0,256.0,10.0,100.0,0.992,,0.0257524197387646,71501.0
10342.0,512.0,10.0,100.0,0.992,,0.0121538994852513,72361.0
10342.0,1024.0,10.0,100.0,0.992,,0.012506627470751,71036.0
10342.0,2048.0,10.0,100.0,0.992,,0.0180774157194928,72641.0
10342.0,4096.0,10.0,100.0,0.992,,0.0092308224003236,71468.0
29699.0,1.0,10.0,100.0,0.981,,0.9770702552164776,86063.0
29699.0,4.0,10.0,100.0,0.992,,0.3157288996071772,80163.0
29699.0,8.0,10.0,100.0,0.992,,0.141378188082054,76265.0
29699.0,64.0,10.0,100.0,0.992,,0.1028411932599363,68076.0
29699.0,256.0,10.0,100.0,0.992,,0.0142180335381431,72242.0
29699.0,512.0,10.0,100.0,0.992,,0.0085573282404369,71792.0
29699.0,1024.0,10.0,100.0,0.992,,0.0057629830117422,72264.0
29699.0,2048.0,10.0,100.0,0.992,,0.0112815152434115,73586.0
29699.0,4096.0,10.0,100.0,0.992,,0.0087324867926882,73247.0
55868.0,1.0,10.0,100.0,0.984,,0.996280600787433,86302.0
55868.0,4.0,10.0,100.0,0.992,,0.3389475416872583,77950.0
55868.0,8.0,10.0,100.0,0.992,,0.1641864825866869,72986.0
55868.0,64.0,10.0,100.0,0.992,,0.0905923288441552,68783.0
55868.0,256.0,10.0,100.0,0.993,,0.0223034766936436,72993.0
55868.0,512.0,10.0,100.0,0.993,,0.0232498621136959,72247.0
55868.0,1024.0,10.0,100.0,0.994,,0.0177157448592704,73041.0
55868.0,2048.0,10.0,100.0,0.994,,0.0217652157582499,71766.0
55868.0,4096.0,10.0,100.0,0.992,,0.0006637580117427,71020.0
84485.0,1.0,10.0,100.0,0.982,,0.9829398736617284,85048.0
84485.0,4.0,10.0,100.0,0.993,,0.3030996879115538,79362.0
84485.0,8.0,10.0,100.0,0.992,,0.1352393774645637,73544.0
84485.0,64.0,10.0,100.0,0.993,,0.1006645151056654,67271.0
84485.0,256.0,10.0,100.0,0.993,,0.019084386972213,68877.0
84485.0,512.0,10.0,100.0,0.993,,0.0144606780495909,68437.0
84485.0,1024.0,10.0,100.0,0.993,,0.0069005960841408,68777.0
84485.0,2048.0,10.0,100.0,0.993,,0.0197764709404582,69280.0
84485.0,4096.0,10.0,100.0,0.993,,0.0,68247.0
17348.0,1.0,10.0,100.0,0.983,,0.9120577833135058,84611.0
17348.0,4.0,10.0,100.0,0.992,,0.317562513670344,83328.0
17348.0,8.0,10.0,100.0,0.992,,0.1231539015441571,77513.0
17348.0,64.0,10.0,100.0,0.992,,0.0931197835052067,72157.0
17348.0,256.0,10.0,100.0,0.993,,0.0253835277467702,74384.0
17348.0,512.0,10.0,100.0,0.993,,0.0152804328584339,74275.0
17348.0,1024.0,10.0,100.0,0.993,,0.0116225859809863,76235.0
17348.0,2048.0,10.0,100.0,0.993,,0.0164154658291336,76235.0
17348.0,4096.0,10.0,100.0,0.993,,0.0091182444046634,75588.0
69797.0,1.0,10.0,100.0,0.983,,1.045945092322068,83803.0
69797.0,4.0,10.0,100.0,0.993,,0.3494560097580898,79552.0
69797.0,8.0,10.0,100.0,0.993,,0.1676027957409356,74440.0
69797.0,64.0,10.0,100.0,0.993,,0.0943497139015407,67935.0
69797.0,256.0,10.0,100.0,0.993,,0.0254516099195371,70014.0
69797.0,512.0,10.0,100.0,0.993,,0.0132368630923481,69845.0
69797.0,1024.0,10.0,100.0,0.993,,0.0093914300735854,70050.0
69797.0,2048.0,10.0,100.0,0.993,,0.0164073871938095,70393.0
69797.0,4096.0,10.0,100.0,0.993,,0.0135467211799138,69883.0
51766.0,1.0,10.0,100.0,0.982,,0.9994953248997748,85487.0
51766.0,4.0,10.0,100.0,0.991,,0.3717258140957034,77852.0
51766.0,8.0,10.0,100.0,0.991,,0.1773068065512705,75430.0
51766.0,64.0,10.0,100.0,0.991,,0.0980969593021318,67322.0
51766.0,256.0,10.0,100.0,0.99,,0.0332448812877422,69362.0
51766.0,512.0,10.0,100.0,0.991,,0.0192998272789207,69535.0
51766.0,1024.0,10.0,100.0,0.991,,0.0193520301876318,70237.0
51766.0,2048.0,10.0,100.0,0.991,,0.0159186439613696,70190.0
51766.0,4096.0,10.0,100.0,0.991,,0.0056308981163435,70112.0
61891.0,1.0,10.0,100.0,0.986,,0.9505838756270742,86948.0
61891.0,4.0,10.0,100.0,0.99,,0.3076968564249983,79692.0
61891.0,8.0,10.0,100.0,0.992,,0.1571141907637605,74217.0
61891.0,64.0,10.0,100.0,0.992,,0.1131517849884184,67417.0
61891.0,256.0,10.0,100.0,0.992,,0.0260118036327838,70654.0
61891.0,512.0,10.0,100.0,0.992,,0.0131003551837198,70709.0
61891.0,1024.0,10.0,100.0,0.992,,0.0141300291426708,70691.0
61891.0,2048.0,10.0,100.0,0.992,,0.0216776445826094,71439.0
61891.0,4096.0,10.0,100.0,0.992,,0.0103193734386929,71502.0
51418.0,1.0,10.0,100.0,0.982,,0.8775277892815734,84598.0
51418.0,4.0,10.0,100.0,0.991,,0.3686508757425464,80994.0
51418.0,8.0,10.0,100.0,0.992,,0.1578377318995393,74383.0
51418.0,64.0,10.0,100.0,0.992,,0.0973035026331147,68325.0
51418.0,256.0,10.0,100.0,0.992,,0.0208847465927658,68418.0
51418.0,512.0,10.0,100.0,0.992,,0.0202888499881225,68971.0
51418.0,1024.0,10.0,100.0,0.992,,0.0102963137122437,69551.0
51418.0,2048.0,10.0,100.0,0.992,,0.0190552507104158,70228.0
51418.0,4096.0,10.0,100.0,0.992,,0.0,69107.0
82546.0,1.0,10.0,100.0,0.983,,1.0951973341830472,84977.0
82546.0,4.0,10.0,100.0,0.992,,0.3249983730084546,76787.0
82546.0,8.0,10.0,100.0,0.992,,0.1433366077749919,74413.0
82546.0,64.0,10.0,100.0,0.993,,0.0919981100446989,69324.0
82546.0,256.0,10.0,100.0,0.993,,0.0234718526101185,68704.0
82546.0,512.0,10.0,100.0,0.993,,0.0166544579496169,69258.0
82546.0,1024.0,10.0,100.0,0.993,,0.0050101085945644,70612.0
82546.0,2048.0,10.0,100.0,0.993,,0.01835438732037,70113.0
82546.0,4096.0,10.0,100.0,0.993,,0.00816012064225,69798.0
14916.0,1.0,10.0,100.0,0.984,,0.974386253189651,85244.0
14916.0,4.0,10.0,100.0,0.992,,0.3623920041811121,79183.0
14916.0,8.0,10.0,100.0,0.992,,0.1517732864534934,76338.0
14916.0,64.0,10.0,100.0,0.992,,0.0876037699547041,70606.0
14916.0,256.0,10.0,100.0,0.992,,0.0165228767914174,72952.0
14916.0,512.0,10.0,100.0,0.992,,0.0102806821259987,72936.0
14916.0,1024.0,10.0,100.0,0.992,,0.0110648465427325,72906.0
14916.0,2048.0,10.0,100.0,0.992,,0.0184488447135158,73165.0
14916.0,4096.0,10.0,100.0,0.992,,0.0088261265444198,72885.0
50451.0,1.0,10.0,100.0,0.987,,0.9023512797705496,86559.0
50451.0,4.0,10.0,100.0,0.99,,0.3364138610654988,80811.0
50451.0,8.0,10.0,100.0,0.992,,0.1503501179475282,75535.0
50451.0,64.0,10.0,100.0,0.992,,0.1255296791555101,68930.0
50451.0,256.0,10.0,100.0,0.992,,0.030237841730876,69847.0
50451.0,512.0,10.0,100.0,0.992,,0.0128384545255583,71478.0
50451.0,1024.0,10.0,100.0,0.992,,0.0129491031189493,71500.0
50451.0,2048.0,10.0,100.0,0.992,,0.0118280915402158,72709.0
50451.0,4096.0,10.0,100.0,0.992,,0.0065024307385999,71594.0
13776.0,1.0,10.0,100.0,0.981,,1.0022322327943407,83528.0
13776.0,4.0,10.0,100.0,0.991,,0.3789402164072404,78576.0
13776.0,8.0,10.0,100.0,0.992,,0.1926955356530454,72969.0
13776.0,64.0,10.0,100.0,0.992,,0.1075682897141816,66418.0
13776.0,256.0,10.0,100.0,0.992,,0.022851453020941,69671.0
13776.0,512.0,10.0,100.0,0.992,,0.0192543157170174,69463.0
13776.0,1024.0,10.0,100.0,0.992,,0.0101380427460597,69953.0
13776.0,2048.0,10.0,100.0,0.992,,0.0118272828436605,69983.0
13776.0,4096.0,10.0,100.0,0.992,,0.0041900470846368,69952.0
26124.0,1.0,10.0,100.0,0.981,,1.09724666543057,84658.0
26124.0,4.0,10.0,100.0,0.992,,0.3319057582540284,78214.0
26124.0,8.0,10.0,100.0,0.992,,0.1337650887190218,73395.0
26124.0,64.0,10.0,100.0,0.993,,0.1241343132487938,63793.0
26124.0,256.0,10.0,100.0,0.993,,0.0263343699157682,68110.0
26124.0,512.0,10.0,100.0,0.993,,0.0183152339358493,67452.0
26124.0,1024.0,10.0,100.0,0.993,,0.0117336636512339,67958.0
26124.0,2048.0,10.0,100.0,0.993,,0.0148716489997338,68557.0
26124.0,4096.0,10.0,100.0,0.993,,0.0115173624059115,67574.0
58321.0,1.0,10.0,100.0,0.983,,1.0160744272991709,84358.0
58321.0,4.0,10.0,100.0,0.992,,0.3367315304252463,78750.0
58321.0,8.0,10.0,100.0,0.992,,0.1321208350557711,73245.0
58321.0,64.0,10.0,100.0,0.993,,0.1121857734439458,68534.0
58321.0,256.0,10.0,100.0,0.993,,0.0270686745238474,69735.0
58321.0,512.0,10.0,100.0,0.993,,0.0129988921706067,69924.0
58321.0,1024.0,10.0,100.0,0.993,,0.0183565699523967,70760.0
58321.0,2048.0,10.0,100.0,0.993,,0.0197516954508759,70061.0
58321.0,4096.0,10.0,100.0,0.993,,0.009102892848294,70209.0
60066.0,1.0,10.0,100.0,0.985,,0.8942536654637185,82926.0
60066.0,4.0,10.0,100.0,0.99,,0.3461898000240951,79023.0
60066.0,8.0,10.0,100.0,0.992,,0.1741361137741073,73216.0
60066.0,64.0,10.0,100.0,0.992,,0.1199679031063709,67867.0
60066.0,256.0,10.0,100.0,0.992,,0.0287032300874522,69308.0
60066.0,512.0,10.0,100.0,0.992,,0.0194260319696958,70642.0
60066.0,1024.0,10.0,100.0,0.992,,0.0121231319736095,69063.0
60066.0,2048.0,10.0,100.0,0.992,,0.0201244857483777,69063.0
60066.0,4096.0,10.0,100.0,0.992,,0.0052149889177194,69105.0
98728.0,1.0,10.0,100.0,0.981,,1.0140834034231037,86141.0
98728.0,4.0,10.0,100.0,0.992,,0.3001374908295142,82371.0
98728.0,8.0,10.0,100.0,0.992,,0.1192463154804631,74150.0
98728.0,64.0,10.0,100.0,0.992,,0.1113588150244492,68465.0
98728.0,256.0,10.0,100.0,0.992,,0.0280415834262213,67894.0
98728.0,512.0,10.0,100.0,0.993,,0.0237432225504088,67985.0
98728.0,1024.0,10.0,100.0,0.993,,0.0095321613120412,69648.0
98728.0,2048.0,10.0,100.0,0.992,,0.0205407582714621,68916.0
98728.0,4096.0,10.0,100.0,0.992,,0.0118316512856271,70306.0
78336.0,1.0,10.0,100.0,0.985,,1.093076837826643,85506.0
78336.0,4.0,10.0,100.0,0.992,,0.3584882322520854,76932.0
78336.0,8.0,10.0,100.0,0.992,,0.1576115858276749,75218.0
78336.0,64.0,10.0,100.0,0.993,,0.0986478793136435,66545.0
78336.0,256.0,10.0,100.0,0.993,,0.0244090702757174,69996.0
78336.0,512.0,10.0,100.0,0.993,,0.0191252629277104,68809.0
78336.0,1024.0,10.0,100.0,0.993,,0.0074307718944775,70633.0
78336.0,2048.0,10.0,100.0,0.993,,0.0100530263857014,69107.0
78336.0,4096.0,10.0,100.0,0.993,,0.01,70443.0
6516.0,1.0,10.0,100.0,0.981,,1.066567424715616,87310.0
6516.0,4.0,10.0,100.0,0.991,,0.3611193330921544,81084.0
6516.0,8.0,10.0,100.0,0.992,,0.1663848787202877,72488.0
6516.0,64.0,10.0,100.0,0.992,,0.1156138396558911,69232.0
6516.0,256.0,10.0,100.0,0.992,,0.0333132526146533,70424.0
6516.0,512.0,10.0,100.0,0.992,,0.0195765720540166,69956.0
6516.0,1024.0,10.0,100.0,0.992,,0.0151221011214948,70349.0
6516.0,2048.0,10.0,100.0,0.992,,0.0202771013118411,72348.0
6516.0,4096.0,10.0,100.0,0.992,,0.0091464031858253,71404.0
25077.0,1.0,10.0,100.0,0.982,,1.010939651906177,84989.0
25077.0,4.0,10.0,100.0,0.99,,0.3806922940744747,79069.0
25077.0,8.0,10.0,100.0,0.991,,0.1711768623167495,71408.0
25077.0,64.0,10.0,100.0,0.991,,0.120993366378898,66237.0
25077.0,256.0,10.0,100.0,0.991,,0.0330114405233358,67500.0
25077.0,512.0,10.0,100.0,0.991,,0.019279463247875,68423.0
25077.0,1024.0,10.0,100.0,0.991,,0.0155206660831549,68287.0
25077.0,2048.0,10.0,100.0,0.991,,0.023813235208772,67516.0
25077.0,4096.0,10.0,100.0,0.991,,0.0085907380270971,68237.0
5200.0,1.0,10.0,100.0,0.982,,0.9677285219202472,85680.0
5200.0,4.0,10.0,100.0,0.992,,0.2640936918917658,77751.0
5200.0,8.0,10.0,100.0,0.992,,0.0927292612934562,74288.0
5200.0,64.0,10.0,100.0,0.992,,0.1069949196725272,65808.0
5200.0,256.0,10.0,100.0,0.993,,0.0283651101554236,66756.0
5200.0,512.0,10.0,100.0,0.993,,0.0125141804636265,66265.0
5200.0,1024.0,10.0,100.0,0.993,,0.0119264405885802,67385.0
5200.0,2048.0,10.0,100.0,0.993,,0.0160105986161562,67491.0
5200.0,4096.0,10.0,100.0,0.993,,0.0048891670047317,66999.0
57665.0,1.0,10.0,100.0,0.988,,0.9566729199389794,85288.0
57665.0,4.0,10.0,100.0,0.991,,0.4338064002281403,79249.0
57665.0,8.0,10.0,100.0,0.992,,0.1834363558229651,73701.0
57665.0,64.0,10.0,100.0,0.992,,0.1096285704499616,69901.0
57665.0,256.0,10.0,100.0,0.992,,0.032040095771348,71600.0
57665.0,512.0,10.0,100.0,0.992,,0.0269660893023963,72407.0
57665.0,1024.0,10.0,100.0,0.992,,0.0139868201161488,72551.0
57665.0,2048.0,10.0,100.0,0.992,,0.019818247316599,71787.0
57665.0,4096.0,10.0,100.0,0.992,,0.0104820407783332,71738.0
60244.0,1.0,10.0,100.0,0.982,,1.0751358522440575,84271.0
60244.0,4.0,10.0,100.0,0.991,,0.3297789934202196,77629.0
60244.0,8.0,10.0,100.0,0.992,,0.1465853923219505,72988.0
60244.0,64.0,10.0,100.0,0.992,,0.1017028308308088,67860.0
60244.0,256.0,10.0,100.0,0.992,,0.0176000483018133,69925.0
60244.0,512.0,10.0,100.0,0.992,,0.0115284975576557,69562.0
60244.0,1024.0,10.0,100.0,0.992,,0.0162831806538358,69931.0
60244.0,2048.0,10.0,100.0,0.992,,0.0181954031748254,70437.0
60244.0,4096.0,10.0,100.0,0.992,,0.0095913000903233,69654.0
95820.0,1.0,10.0,100.0,0.986,,0.951941810725118,83539.0
95820.0,4.0,10.0,100.0,0.992,,0.388376519523508,78876.0
95820.0,8.0,10.0,100.0,0.992,,0.2064584408640253,69905.0
95820.0,64.0,10.0,100.0,0.991,,0.1060183739505816,66401.0
95820.0,256.0,10.0,100.0,0.992,,0.0290663764267296,70141.0
95820.0,512.0,10.0,100.0,0.993,,0.0195330233665345,71015.0
95820.0,1024.0,10.0,100.0,0.993,,0.0245028672011353,69398.0
95820.0,2048.0,10.0,100.0,0.993,,0.0159945651739601,68293.0
95820.0,4096.0,10.0,100.0,0.993,,0.0079677675055442,70421.0
85261.0,1.0,10.0,100.0,0.984,,1.0377909415033886,86118.0
85261.0,4.0,10.0,100.0,0.992,,0.3141786393330498,76767.0
85261.0,8.0,10.0,100.0,0.992,,0.1466943093574779,73907.0
85261.0,64.0,10.0,100.0,0.993,,0.1100470734468125,66571.0
85261.0,256.0,10.0,100.0,0.993,,0.0278682695039375,67122.0
85261.0,512.0,10.0,100.0,0.993,,0.0207434533885776,70268.0
85261.0,1024.0,10.0,100.0,0.993,,0.0127410983487817,69029.0
85261.0,2048.0,10.0,100.0,0.993,,0.0097405193290845,69484.0
85261.0,4096.0,10.0,100.0,0.993,,0.0110521165165165,69419.0
87654.0,1.0,10.0,100.0,0.982,,1.0205596377837105,85951.0
87654.0,4.0,10.0,100.0,0.99,,0.3646102074290038,82560.0
87654.0,8.0,10.0,100.0,0.993,,0.1754343947369096,78064.0
87654.0,64.0,10.0,100.0,0.992,,0.1025395350951407,68833.0
87654.0,256.0,10.0,100.0,0.992,,0.0264903400473832,72591.0
87654.0,512.0,10.0,100.0,0.992,,0.0259977021379681,73204.0
87654.0,1024.0,10.0,100.0,0.992,,0.0119225738784089,73664.0
87654.0,2048.0,10.0,100.0,0.992,,0.0174184950402665,73664.0
87654.0,4096.0,10.0,100.0,0.992,,0.0,73664.0
53536.0,1.0,10.0,100.0,0.982,,1.0243677281454022,84777.0
53536.0,4.0,10.0,100.0,0.992,,0.3079677211853275,78066.0
53536.0,8.0,10.0,100.0,0.992,,0.1151495731155234,74218.0
53536.0,64.0,10.0,100.0,0.993,,0.0974181066227739,67610.0
53536.0,256.0,10.0,100.0,0.993,,0.0240305351802136,69029.0
53536.0,512.0,10.0,100.0,0.993,,0.0182676971797698,69064.0
53536.0,1024.0,10.0,100.0,0.993,,0.0066448054785022,68878.0
53536.0,2048.0,10.0,100.0,0.993,,0.0121207116813146,69300.0
53536.0,4096.0,10.0,100.0,0.993,,0.0092082183094572,68879.0
47655.0,1.0,10.0,100.0,0.982,,0.9237454403111598,85527.0
47655.0,4.0,10.0,100.0,0.991,,0.3032438969341215,74770.0
47655.0,8.0,10.0,100.0,0.992,,0.1115553096237275,73992.0
47655.0,64.0,10.0,100.0,0.992,,0.1099019572820353,67595.0
47655.0,256.0,10.0,100.0,0.992,,0.0250306968371001,68262.0
47655.0,512.0,10.0,100.0,0.992,,0.0130892073858541,68025.0
47655.0,1024.0,10.0,100.0,0.992,,0.0126727313769793,68934.0
47655.0,2048.0,10.0,100.0,0.992,,0.0134817575234904,68995.0
47655.0,4096.0,10.0,100.0,0.992,,0.0098617139416517,68789.0
87453.0,1.0,1000.0,100.0,0.992,,28.244135968281448,46113.0
87453.0,4.0,1000.0,100.0,0.999,,4.1116472806608,31709.0
87453.0,8.0,1000.0,100.0,0.998,,2.994495258772239,26558.0
87453.0,64.0,1000.0,100.0,0.999,,0.6792435877068536,24472.0
87453.0,256.0,1000.0,100.0,0.999,,0.8131208703079384,24515.0
87453.0,512.0,1000.0,100.0,0.999,,1.1058263494493294,23021.0
87453.0,1024.0,1000.0,100.0,0.999,,0.8355797410349863,23477.0
87453.0,2048.0,1000.0,100.0,0.999,,0.6245757434143435,23697.0
87453.0,4096.0,1000.0,100.0,0.998,,0.6496912030963541,22901.0
30633.0,1.0,1000.0,100.0,0.99,,33.69242360372306,44245.0
30633.0,4.0,1000.0,100.0,0.997,,3.811978471496157,30112.0
30633.0,8.0,1000.0,100.0,0.997,,2.8169876524094293,25665.0
30633.0,64.0,1000.0,100.0,1.0,,0.9959040665982676,23901.0
30633.0,256.0,1000.0,100.0,0.999,,0.8711838211238488,24931.0
30633.0,512.0,1000.0,100.0,0.997,,0.6775884980496385,23869.0
30633.0,1024.0,1000.0,100.0,0.999,,0.4416490814891494,23864.0
30633.0,2048.0,1000.0,100.0,0.999,,0.6753917224243624,22378.0
30633.0,4096.0,1000.0,100.0,1.0,,0.772617692418043,24778.0
38630.0,1.0,1000.0,100.0,0.993,,33.87142753843389,42146.0
38630.0,4.0,1000.0,100.0,0.996,,4.746727301851636,29392.0
38630.0,8.0,1000.0,100.0,0.998,,3.2886609251100225,27918.0
38630.0,64.0,1000.0,100.0,0.999,,1.4201643592652324,25054.0
38630.0,256.0,1000.0,100.0,0.997,,0.8134706754704346,24446.0
38630.0,512.0,1000.0,100.0,0.998,,0.9417956048685372,25233.0
38630.0,1024.0,1000.0,100.0,0.998,,0.7634773087878803,24776.0
38630.0,2048.0,1000.0,100.0,0.997,,0.6210566402156179,21985.0
38630.0,4096.0,1000.0,100.0,0.999,,0.9707412178304832,21999.0
36003.0,1.0,1000.0,100.0,0.993,,24.96620023571113,41753.0
36003.0,4.0,1000.0,100.0,0.998,,2.610973604954371,27883.0
36003.0,8.0,1000.0,100.0,0.998,,1.7769183471929764,27082.0
36003.0,64.0,1000.0,100.0,0.998,,0.9342375243605416,23420.0
36003.0,256.0,1000.0,100.0,0.999,,0.5554523239227203,22451.0
36003.0,512.0,1000.0,100.0,0.999,,0.7789608409246865,23064.0
36003.0,1024.0,1000.0,100.0,0.999,,0.7706374072265814,22978.0
36003.0,2048.0,1000.0,100.0,0.999,,0.3101527369944789,22493.0
36003.0,4096.0,1000.0,100.0,0.999,,0.8625607185681473,22370.0
18080.0,1.0,1000.0,100.0,0.988,,30.084377179726268,43934.0
18080.0,4.0,1000.0,100.0,0.997,,3.938429319130695,30584.0
18080.0,8.0,1000.0,100.0,0.999,,2.453274658812499,28151.0
18080.0,64.0,1000.0,100.0,0.999,,0.9384547340394688,24608.0
18080.0,256.0,1000.0,100.0,1.0,,0.7535857174480444,26015.0
18080.0,512.0,1000.0,100.0,1.0,,0.9115621635374612,25544.0
18080.0,1024.0,1000.0,100.0,0.999,,1.0822941698405328,26067.0
18080.0,2048.0,1000.0,100.0,0.999,,0.7831824426789417,26439.0
18080.0,4096.0,1000.0,100.0,0.999,,1.0525565082327772,26102.0
51116.0,1.0,1000.0,100.0,0.986,,26.87321592717424,42205.0
51116.0,4.0,1000.0,100.0,0.988,,3.690982462428408,30187.0
51116.0,8.0,1000.0,100.0,0.995,,2.361667474767472,25526.0
51116.0,64.0,1000.0,100.0,0.996,,1.1992611042217232,23305.0
51116.0,256.0,1000.0,100.0,0.999,,0.4901816060931379,23260.0
51116.0,512.0,1000.0,100.0,0.998,,1.0008761734309413,22439.0
51116.0,1024.0,1000.0,100.0,0.999,,0.5606308781937641,24198.0
51116.0,2048.0,1000.0,100.0,0.999,,0.5585376491360161,23962.0
51116.0,4096.0,1000.0,100.0,0.999,,0.7134861988250584,23044.0
62549.0,1.0,1000.0,100.0,0.993,,23.931601432847387,43061.0
62549.0,4.0,1000.0,100.0,0.996,,3.759189986207385,30021.0
62549.0,8.0,1000.0,100.0,0.997,,2.622880991743555,25846.0
62549.0,64.0,1000.0,100.0,0.999,,1.4600033959148893,24243.0
62549.0,256.0,1000.0,100.0,0.998,,0.6100951230887791,24215.0
62549.0,512.0,1000.0,100.0,0.997,,0.748723325177633,22935.0
62549.0,1024.0,1000.0,100.0,0.997,,0.5516704533129543,23995.0
62549.0,2048.0,1000.0,100.0,0.996,,0.6926599433407253,23346.0
62549.0,4096.0,1000.0,100.0,0.996,,0.6179106614941416,23879.0
24583.0,1.0,1000.0,100.0,0.99,,31.35611821734904,44680.0
24583.0,4.0,1000.0,100.0,0.998,,3.704668023014331,31197.0
24583.0,8.0,1000.0,100.0,0.997,,2.493191581465089,29201.0
24583.0,64.0,1000.0,100.0,0.999,,1.60660755094399,24558.0
24583.0,256.0,1000.0,100.0,1.0,,1.0634004914578918,26547.0
24583.0,512.0,1000.0,100.0,1.0,,0.5932388791408758,26409.0
24583.0,1024.0,1000.0,100.0,1.0,,0.6957054938610627,27955.0
24583.0,2048.0,1000.0,100.0,1.0,,0.60671527442974,27020.0
24583.0,4096.0,1000.0,100.0,0.997,,1.0585026431752476,26380.0
41004.0,1.0,1000.0,100.0,0.991,,24.57086951524296,46058.0
41004.0,4.0,1000.0,100.0,0.997,,4.392062204444329,29819.0
41004.0,8.0,1000.0,100.0,0.997,,2.569042836306762,27938.0
41004.0,64.0,1000.0,100.0,0.999,,1.0222388969976757,22708.0
41004.0,256.0,1000.0,100.0,0.999,,1.130669821666166,23494.0
41004.0,512.0,1000.0,100.0,0.998,,1.1560847047810714,25729.0
41004.0,1024.0,1000.0,100.0,0.999,,1.1256429261037595,22867.0
41004.0,2048.0,1000.0,100.0,0.999,,0.8101922574618308,22255.0
41004.0,4096.0,1000.0,100.0,0.998,,1.0765280302633418,23076.0
63952.0,1.0,1000.0,100.0,0.996,,28.947480839819736,44619.0
63952.0,4.0,1000.0,100.0,0.998,,3.8190393411612833,29157.0
63952.0,8.0,1000.0,100.0,0.999,,2.4838361609040245,28459.0
63952.0,64.0,1000.0,100.0,1.0,,1.6755418836886808,24963.0
63952.0,256.0,1000.0,100.0,1.0,,1.012678761801835,25001.0
63952.0,512.0,1000.0,100.0,1.0,,1.175683847329349,24953.0
63952.0,1024.0,1000.0,100.0,1.0,,0.4699253142536268,25726.0
63952.0,2048.0,1000.0,100.0,1.0,,0.9286604679959952,24891.0
63952.0,4096.0,1000.0,100.0,1.0,,1.2593108517229896,24086.0
2817.0,1.0,1000.0,100.0,0.987,,25.912119645586984,43842.0
2817.0,4.0,1000.0,100.0,0.997,,3.646163632495514,31487.0
2817.0,8.0,1000.0,100.0,0.997,,2.426721386214942,29259.0
2817.0,64.0,1000.0,100.0,0.998,,1.2713285833299794,24203.0
2817.0,256.0,1000.0,100.0,0.999,,0.6998387288505767,27577.0
2817.0,512.0,1000.0,100.0,0.999,,0.9958924459029542,26996.0
2817.0,1024.0,1000.0,100.0,1.0,,1.0058190620781309,26368.0
2817.0,2048.0,1000.0,100.0,0.999,,0.781913982263687,26647.0
2817.0,4096.0,1000.0,100.0,0.999,,0.7969180942106634,23354.0
91454.0,1.0,1000.0,100.0,0.988,,26.581417164643863,42647.0
91454.0,4.0,1000.0,100.0,0.999,,3.2663156420734265,31038.0
91454.0,8.0,1000.0,100.0,0.998,,2.5824786361844443,29712.0
91454.0,64.0,1000.0,100.0,0.999,,0.9949484823453484,25613.0
91454.0,256.0,1000.0,100.0,0.999,,0.845731404160436,27108.0
91454.0,512.0,1000.0,100.0,0.999,,0.6644382905541554,26881.0
91454.0,1024.0,1000.0,100.0,1.0,,0.5449124626267459,27177.0
91454.0,2048.0,1000.0,100.0,1.0,,0.7049575127235768,26431.0
91454.0,4096.0,1000.0,100.0,1.0,,0.7285326311087063,27668.0
94802.0,1.0,1000.0,100.0,0.993,,23.725385792104216,43049.0
94802.0,4.0,1000.0,100.0,0.997,,3.6913229996304073,29309.0
94802.0,8.0,1000.0,100.0,0.998,,2.8457838607290427,27972.0
94802.0,64.0,1000.0,100.0,0.999,,1.0847536455204372,25056.0
94802.0,256.0,1000.0,100.0,0.998,,0.8009874766800056,24321.0
94802.0,512.0,1000.0,100.0,0.998,,0.7717278428286185,24156.0
94802.0,1024.0,1000.0,100.0,0.999,,1.1039367971359564,23283.0
94802.0,2048.0,1000.0,100.0,0.998,,0.7658954324369704,24463.0
94802.0,4096.0,1000.0,100.0,0.999,,0.8254952160255886,23211.0
50552.0,1.0,1000.0,100.0,0.981,,32.3169586818558,44211.0
50552.0,4.0,1000.0,100.0,0.997,,3.9121795681958735,29736.0
50552.0,8.0,1000.0,100.0,0.998,,2.688680739353427,28424.0
50552.0,64.0,1000.0,100.0,0.999,,0.940237778801507,25652.0
50552.0,256.0,1000.0,100.0,0.999,,0.8850106999912855,24891.0
50552.0,512.0,1000.0,100.0,0.999,,0.6284582793756242,24443.0
50552.0,1024.0,1000.0,100.0,0.999,,0.9636420868686776,24463.0
50552.0,2048.0,1000.0,100.0,0.999,,0.6399461541456528,25197.0
50552.0,4096.0,1000.0,100.0,0.998,,0.7573892605794734,23916.0
99057.0,1.0,1000.0,100.0,0.989,,30.10165002234596,43388.0
99057.0,4.0,1000.0,100.0,0.997,,4.0360595166723225,28272.0
99057.0,8.0,1000.0,100.0,0.997,,3.274602998508623,25922.0
99057.0,64.0,1000.0,100.0,1.0,,1.277986735392146,24390.0
99057.0,256.0,1000.0,100.0,0.999,,0.9867544283593884,23224.0
99057.0,512.0,1000.0,100.0,0.998,,0.8685075773657454,22693.0
99057.0,1024.0,1000.0,100.0,0.999,,1.1426683154962909,22489.0
99057.0,2048.0,1000.0,100.0,1.0,,1.1750238306904424,22833.0
99057.0,4096.0,1000.0,100.0,0.997,,0.9721866550967986,23409.0
80176.0,1.0,1000.0,100.0,0.984,,29.936223085963217,45317.0
80176.0,4.0,1000.0,100.0,0.996,,4.392543090232865,30680.0
80176.0,8.0,1000.0,100.0,0.995,,2.9899321939268853,27471.0
80176.0,64.0,1000.0,100.0,0.996,,1.2351488625603553,23593.0
80176.0,256.0,1000.0,100.0,0.997,,1.0917167780027714,23741.0
80176.0,512.0,1000.0,100.0,0.999,,1.3089134662011714,22126.0
80176.0,1024.0,1000.0,100.0,0.997,,1.2322096854703888,23766.0
80176.0,2048.0,1000.0,100.0,0.994,,1.021903020395829,21877.0
80176.0,4096.0,1000.0,100.0,0.993,,0.589300467148574,22817.0
86040.0,1.0,1000.0,100.0,0.993,,23.46460273505464,43383.0
86040.0,4.0,1000.0,100.0,0.998,,3.603308952321516,31044.0
86040.0,8.0,1000.0,100.0,0.997,,3.285464701253648,27253.0
86040.0,64.0,1000.0,100.0,0.998,,1.495228262118398,26439.0
86040.0,256.0,1000.0,100.0,0.996,,1.0636094450515814,24200.0
86040.0,512.0,1000.0,100.0,0.998,,0.5108985410492273,24444.0
86040.0,1024.0,1000.0,100.0,0.999,,0.6006430819675719,24718.0
86040.0,2048.0,1000.0,100.0,0.997,,0.7860431688983536,26066.0
86040.0,4096.0,1000.0,100.0,0.997,,0.6698753177680338,25441.0
3833.0,1.0,1000.0,100.0,0.993,,25.95335568415705,43949.0
3833.0,4.0,1000.0,100.0,0.997,,3.4161808641658467,28111.0
3833.0,8.0,1000.0,100.0,0.998,,2.1664223287194613,26220.0
3833.0,64.0,1000.0,100.0,0.999,,1.247290928333922,23037.0
3833.0,256.0,1000.0,100.0,0.998,,1.0002749050455522,24403.0
3833.0,512.0,1000.0,100.0,0.998,,0.8967474736440113,23713.0
3833.0,1024.0,1000.0,100.0,0.998,,0.3054332847165071,24873.0
3833.0,2048.0,1000.0,100.0,0.998,,0.639202322503509,24162.0
3833.0,4096.0,1000.0,100.0,0.999,,0.743969080017898,24945.0
11139.0,1.0,1000.0,100.0,0.989,,26.76667573992455,46130.0
11139.0,4.0,1000.0,100.0,0.998,,3.673102152986357,31747.0
11139.0,8.0,1000.0,100.0,0.998,,1.982895290858428,25991.0
11139.0,64.0,1000.0,100.0,0.998,,1.3320227255253645,25851.0
11139.0,256.0,1000.0,100.0,0.999,,0.9785467824594594,23962.0
11139.0,512.0,1000.0,100.0,0.995,,0.7047581918955929,23732.0
11139.0,1024.0,1000.0,100.0,0.995,,1.387373832433953,22595.0
11139.0,2048.0,1000.0,100.0,0.999,,1.011002847529892,22896.0
11139.0,4096.0,1000.0,100.0,0.995,,0.647076255026823,22885.0
95270.0,1.0,1000.0,100.0,0.993,,29.463201692647974,43565.0
95270.0,4.0,1000.0,100.0,0.997,,4.005073852659362,29400.0
95270.0,8.0,1000.0,100.0,0.998,,2.6612102294114104,26053.0
95270.0,64.0,1000.0,100.0,0.998,,1.524247859977829,26186.0
95270.0,256.0,1000.0,100.0,0.997,,1.1035343981180654,25853.0
95270.0,512.0,1000.0,100.0,0.998,,1.2475234663279062,25387.0
95270.0,1024.0,1000.0,100.0,0.998,,0.9091952573767026,24567.0
95270.0,2048.0,1000.0,100.0,1.0,,0.669073129373566,24284.0
95270.0,4096.0,1000.0,100.0,0.998,,0.8436780113638049,24190.0
19659.0,1.0,1000.0,100.0,0.991,,27.01576253474794,42062.0
19659.0,4.0,1000.0,100.0,0.997,,3.820253712817139,27349.0
19659.0,8.0,1000.0,100.0,0.997,,3.136834916818234,25310.0
19659.0,64.0,1000.0,100.0,0.999,,1.2858567244558814,23787.0
19659.0,256.0,1000.0,100.0,0.999,,0.9825237653513036,23518.0
19659.0,512.0,1000.0,100.0,0.999,,1.227748277471481,21443.0
19659.0,1024.0,1000.0,100.0,0.999,,0.8193700416972901,22012.0
19659.0,2048.0,1000.0,100.0,0.998,,0.9988319978499984,22536.0
19659.0,4096.0,1000.0,100.0,0.999,,1.4004300869964028,23038.0
36650.0,1.0,1000.0,100.0,0.992,,33.01982885585328,44731.0
36650.0,4.0,1000.0,100.0,0.998,,4.011223324732956,31793.0
36650.0,8.0,1000.0,100.0,0.998,,2.786033412997049,28668.0
36650.0,64.0,1000.0,100.0,1.0,,1.2820321476135763,23286.0
36650.0,256.0,1000.0,100.0,0.999,,0.4107195513986639,24189.0
36650.0,512.0,1000.0,100.0,0.999,,0.6209953422008125,24820.0
36650.0,1024.0,1000.0,100.0,0.999,,0.7457262902375372,23879.0
36650.0,2048.0,1000.0,100.0,0.998,,1.3680611259198132,24041.0
36650.0,4096.0,1000.0,100.0,0.998,,0.5369274297946359,24184.0
10342.0,1.0,1000.0,100.0,0.993,,27.487419797076598,45321.0
10342.0,4.0,1000.0,100.0,0.998,,3.930198498033338,27931.0
10342.0,8.0,1000.0,100.0,0.998,,2.489095324280239,27050.0
10342.0,64.0,1000.0,100.0,0.998,,1.5460629902054492,23210.0
10342.0,256.0,1000.0,100.0,0.999,,1.222773458577909,25544.0
10342.0,512.0,1000.0,100.0,0.999,,0.5286997425137328,25551.0
10342.0,1024.0,1000.0,100.0,0.998,,0.6469770711843223,24452.0
10342.0,2048.0,1000.0,100.0,0.999,,0.4900554067289035,25916.0
10342.0,4096.0,1000.0,100.0,0.999,,1.0358523248055365,22945.0
29699.0,1.0,1000.0,100.0,0.994,,34.724653329187845,45438.0
29699.0,4.0,1000.0,100.0,0.997,,4.090639306039496,30701.0
29699.0,8.0,1000.0,100.0,0.998,,2.3999277951208344,26448.0
29699.0,64.0,1000.0,100.0,0.998,,1.12755521361109,24313.0
29699.0,256.0,1000.0,100.0,0.999,,1.2978000866513604,25070.0
29699.0,512.0,1000.0,100.0,0.996,,0.7482743231192583,25114.0
29699.0,1024.0,1000.0,100.0,0.998,,0.8358316466827743,24573.0
29699.0,2048.0,1000.0,100.0,0.999,,1.3381554176141064,24289.0
29699.0,4096.0,1000.0,100.0,0.999,,1.0969060801551884,23861.0
55868.0,1.0,1000.0,100.0,0.991,,24.813024804633045,42033.0
55868.0,4.0,1000.0,100.0,0.995,,4.401596993781501,30126.0
55868.0,8.0,1000.0,100.0,0.997,,2.428679748301695,25185.0
55868.0,64.0,1000.0,100.0,0.999,,1.458765269991876,23510.0
55868.0,256.0,1000.0,100.0,0.998,,0.7976254520477006,23783.0
55868.0,512.0,1000.0,100.0,0.997,,0.8305425718269461,22044.0
55868.0,1024.0,1000.0,100.0,0.998,,1.1108789690255263,22790.0
55868.0,2048.0,1000.0,100.0,0.997,,1.049884661688893,23039.0
55868.0,4096.0,1000.0,100.0,0.997,,0.753883137071351,22517.0
84485.0,1.0,1000.0,100.0,0.992,,30.3584510127022,46330.0
84485.0,4.0,1000.0,100.0,0.995,,3.191206942845895,30099.0
84485.0,8.0,1000.0,100.0,0.994,,2.677916230060114,27924.0
84485.0,64.0,1000.0,100.0,0.993,,1.3097452763119544,24346.0
84485.0,256.0,1000.0,100.0,0.996,,0.7019084748338951,25248.0
84485.0,512.0,1000.0,100.0,0.994,,0.8702626256916819,24982.0
84485.0,1024.0,1000.0,100.0,0.994,,0.7758893184393796,23922.0
84485.0,2048.0,1000.0,100.0,0.995,,0.7691087487993087,24739.0
84485.0,4096.0,1000.0,100.0,0.995,,0.9434748872447444,23807.0
17348.0,1.0,1000.0,100.0,0.994,,31.65231934334845,44355.0
17348.0,4.0,1000.0,100.0,0.997,,4.863688896805715,30905.0
17348.0,8.0,1000.0,100.0,0.999,,3.5775385171841667,29365.0
17348.0,64.0,1000.0,100.0,0.999,,0.7057784860953629,25818.0
17348.0,256.0,1000.0,100.0,0.996,,1.0880409346023066,25565.0
17348.0,512.0,1000.0,100.0,0.999,,0.4139598516239999,24210.0
17348.0,1024.0,1000.0,100.0,1.0,,0.6900422708151123,22571.0
17348.0,2048.0,1000.0,100.0,0.997,,0.7085147123663733,23810.0
17348.0,4096.0,1000.0,100.0,0.996,,0.6095642615273529,24041.0
69797.0,1.0,1000.0,100.0,0.994,,30.12105412645018,41782.0
69797.0,4.0,1000.0,100.0,0.995,,3.086670396799222,28091.0
69797.0,8.0,1000.0,100.0,0.992,,2.2065122085688182,25930.0
69797.0,64.0,1000.0,100.0,0.999,,0.8240662862041223,23777.0
69797.0,256.0,1000.0,100.0,0.996,,0.9214280482282986,23431.0
69797.0,512.0,1000.0,100.0,1.0,,0.6265499632779221,23612.0
69797.0,1024.0,1000.0,100.0,0.999,,0.3178169584646746,23356.0
69797.0,2048.0,1000.0,100.0,0.997,,0.768660699039608,22752.0
69797.0,4096.0,1000.0,100.0,0.999,,0.6677508843101327,21631.0
51766.0,1.0,1000.0,100.0,0.994,,23.73973236183482,43529.0
51766.0,4.0,1000.0,100.0,0.998,,4.03170225579519,29976.0
51766.0,8.0,1000.0,100.0,0.998,,2.632636134187037,28448.0
51766.0,64.0,1000.0,100.0,1.0,,1.108656011161294,25486.0
51766.0,256.0,1000.0,100.0,1.0,,1.056654777941216,27519.0
51766.0,512.0,1000.0,100.0,0.999,,0.7435533042286456,26537.0
51766.0,1024.0,1000.0,100.0,0.999,,0.8649669865942367,26208.0
51766.0,2048.0,1000.0,100.0,1.0,,0.72710197837733,26325.0
51766.0,4096.0,1000.0,100.0,1.0,,0.899781942885532,26196.0
61891.0,1.0,1000.0,100.0,0.989,,26.617582567276735,44710.0
61891.0,4.0,1000.0,100.0,0.998,,3.87658696175834,31714.0
61891.0,8.0,1000.0,100.0,0.999,,2.980786471216111,27999.0
61891.0,64.0,1000.0,100.0,0.999,,0.7665827453588067,25414.0
61891.0,256.0,1000.0,100.0,0.998,,0.9573435743536852,24868.0
61891.0,512.0,1000.0,100.0,0.999,,0.8797947261304844,24960.0
61891.0,1024.0,1000.0,100.0,0.999,,1.0389962515978637,24709.0
61891.0,2048.0,1000.0,100.0,1.0,,0.7577507255563887,26251.0
61891.0,4096.0,1000.0,100.0,1.0,,0.6528330884321875,24862.0
51418.0,1.0,1000.0,100.0,0.984,,21.321696265753125,41557.0
51418.0,4.0,1000.0,100.0,0.997,,4.738700876446146,30830.0
51418.0,8.0,1000.0,100.0,0.995,,3.1773636503623397,27711.0
51418.0,64.0,1000.0,100.0,0.999,,1.1725056221900725,23150.0
51418.0,256.0,1000.0,100.0,0.999,,1.4983565896101072,23530.0
51418.0,512.0,1000.0,100.0,0.997,,0.8671869077565779,23202.0
51418.0,1024.0,1000.0,100.0,0.999,,1.5237227061157117,23181.0
51418.0,2048.0,1000.0,100.0,0.998,,0.6789653401664139,21401.0
51418.0,4096.0,1000.0,100.0,0.996,,0.8402064783280563,21327.0
82546.0,1.0,1000.0,100.0,0.979,,27.934087765625183,44248.0
82546.0,4.0,1000.0,100.0,0.996,,3.1444977431099472,31272.0
82546.0,8.0,1000.0,100.0,0.997,,3.3541873944549803,28335.0
82546.0,64.0,1000.0,100.0,0.998,,0.7886976310651472,24276.0
82546.0,256.0,1000.0,100.0,0.998,,0.539824978385721,25508.0
82546.0,512.0,1000.0,100.0,0.998,,0.767191736995834,24868.0
82546.0,1024.0,1000.0,100.0,0.998,,0.6928829109962541,24733.0
82546.0,2048.0,1000.0,100.0,0.998,,0.5821506248223058,25667.0
82546.0,4096.0,1000.0,100.0,0.998,,0.4453781385640167,25174.0
14916.0,1.0,1000.0,100.0,0.994,,27.59123329266984,43171.0
14916.0,4.0,1000.0,100.0,0.994,,3.793832669845772,28096.0
14916.0,8.0,1000.0,100.0,0.994,,2.549268100831802,26169.0
14916.0,64.0,1000.0,100.0,0.998,,1.0204099583714057,24347.0
14916.0,256.0,1000.0,100.0,1.0,,0.4012729785236938,24146.0
14916.0,512.0,1000.0,100.0,0.998,,0.6974778921666169,23453.0
14916.0,1024.0,1000.0,100.0,0.998,,0.7316791600616512,23358.0
14916.0,2048.0,1000.0,100.0,0.998,,0.6802793832305676,23147.0
14916.0,4096.0,1000.0,100.0,0.999,,0.2766888813578344,23944.0
50451.0,1.0,1000.0,100.0,0.991,,30.621966271561558,44140.0
50451.0,4.0,1000.0,100.0,0.998,,3.918862975078712,32310.0
50451.0,8.0,1000.0,100.0,0.999,,2.822547350590958,28395.0
50451.0,64.0,1000.0,100.0,1.0,,1.0767833697682454,26176.0
50451.0,256.0,1000.0,100.0,0.999,,0.8570371455803372,24157.0
50451.0,512.0,1000.0,100.0,1.0,,1.031733981933705,24639.0
50451.0,1024.0,1000.0,100.0,1.0,,0.8098096216434597,22640.0
50451.0,2048.0,1000.0,100.0,1.0,,0.7639912826740418,22843.0
50451.0,4096.0,1000.0,100.0,0.999,,0.5479192728664806,23574.0
13776.0,1.0,1000.0,100.0,0.995,,26.486726024576573,43532.0
13776.0,4.0,1000.0,100.0,0.997,,4.601989415553679,29742.0
13776.0,8.0,1000.0,100.0,0.999,,2.572430869515642,28768.0
13776.0,64.0,1000.0,100.0,1.0,,0.6803869961061277,23112.0
13776.0,256.0,1000.0,100.0,0.999,,1.1090523670255954,25657.0
13776.0,512.0,1000.0,100.0,0.999,,0.9643751732948742,22633.0
13776.0,1024.0,1000.0,100.0,0.999,,0.8290753862584199,24438.0
13776.0,2048.0,1000.0,100.0,1.0,,0.7906211307430496,22586.0
13776.0,4096.0,1000.0,100.0,0.998,,0.871414473395917,23449.0
26124.0,1.0,1000.0,100.0,0.991,,28.27183431551671,44610.0
26124.0,4.0,1000.0,100.0,0.998,,5.077316973441977,27369.0
26124.0,8.0,1000.0,100.0,0.999,,3.5545975447130203,28083.0
26124.0,64.0,1000.0,100.0,0.998,,0.6180134374322854,24352.0
26124.0,256.0,1000.0,100.0,0.999,,0.8699733048673497,26227.0
26124.0,512.0,1000.0,100.0,0.999,,0.7695688480521903,26136.0
26124.0,1024.0,1000.0,100.0,0.999,,0.9458480414319408,25270.0
26124.0,2048.0,1000.0,100.0,1.0,,0.8028114393085428,24216.0
26124.0,4096.0,1000.0,100.0,0.999,,0.2227887479520934,25429.0
58321.0,1.0,1000.0,100.0,0.995,,27.992606037793884,42587.0
58321.0,4.0,1000.0,100.0,0.996,,3.4462956504009994,30643.0
58321.0,8.0,1000.0,100.0,0.998,,2.564864976800446,26192.0
58321.0,64.0,1000.0,100.0,0.999,,1.0958142266006288,22886.0
58321.0,256.0,1000.0,100.0,0.999,,0.55056085544715,22585.0
58321.0,512.0,1000.0,100.0,0.999,,0.8841551409635631,21890.0
58321.0,1024.0,1000.0,100.0,0.999,,0.8893165537007,21564.0
58321.0,2048.0,1000.0,100.0,0.999,,1.4434086719459642,21974.0
58321.0,4096.0,1000.0,100.0,0.998,,0.8699500641318914,23672.0
60066.0,1.0,1000.0,100.0,0.985,,26.293208687678224,42887.0
60066.0,4.0,1000.0,100.0,0.996,,4.209755757081082,28162.0
60066.0,8.0,1000.0,100.0,0.998,,2.5612316375964994,25648.0
60066.0,64.0,1000.0,100.0,0.999,,1.242066498845149,23100.0
60066.0,256.0,1000.0,100.0,0.999,,0.6512296140509454,22166.0
60066.0,512.0,1000.0,100.0,1.0,,1.1466418706327557,21492.0
60066.0,1024.0,1000.0,100.0,0.999,,0.7640225729942007,21407.0
60066.0,2048.0,1000.0,100.0,0.999,,0.2934182589753908,21911.0
60066.0,4096.0,1000.0,100.0,0.999,,0.6092540426524584,20077.0
98728.0,1.0,1000.0,100.0,0.991,,27.490891908463315,43235.0
98728.0,4.0,1000.0,100.0,0.995,,4.106152540444563,30015.0
98728.0,8.0,1000.0,100.0,0.997,,2.686176376061078,26227.0
98728.0,64.0,1000.0,100.0,0.999,,1.0093275576670826,24783.0
98728.0,256.0,1000.0,100.0,0.998,,0.9111593792464614,25575.0
98728.0,512.0,1000.0,100.0,0.998,,0.885175509924643,24378.0
98728.0,1024.0,1000.0,100.0,0.998,,1.1337055505286004,24447.0
98728.0,2048.0,1000.0,100.0,0.998,,0.8223196569428264,24054.0
98728.0,4096.0,1000.0,100.0,0.998,,0.8156892727151202,25069.0
78336.0,1.0,1000.0,100.0,0.993,,30.95011924408729,45262.0
78336.0,4.0,1000.0,100.0,0.996,,4.319680567556663,28002.0
78336.0,8.0,1000.0,100.0,0.997,,2.873568160343709,27257.0
78336.0,64.0,1000.0,100.0,0.998,,0.7598419730318202,24478.0
78336.0,256.0,1000.0,100.0,0.999,,0.9976659013491592,23302.0
78336.0,512.0,1000.0,100.0,0.997,,0.907029388093715,25529.0
78336.0,1024.0,1000.0,100.0,0.999,,0.5571070151452315,24928.0
78336.0,2048.0,1000.0,100.0,1.0,,0.5570954867965562,24505.0
78336.0,4096.0,1000.0,100.0,0.998,,0.6223271936068248,23644.0
6516.0,1.0,1000.0,100.0,0.989,,30.11034637109784,43509.0
6516.0,4.0,1000.0,100.0,0.997,,2.903578588652024,27980.0
6516.0,8.0,1000.0,100.0,0.999,,2.685551840065483,27371.0
6516.0,64.0,1000.0,100.0,0.999,,1.6278010630608042,24222.0
6516.0,256.0,1000.0,100.0,0.999,,1.1998711965641462,24725.0
6516.0,512.0,1000.0,100.0,0.999,,1.249999150467127,23179.0
6516.0,1024.0,1000.0,100.0,0.999,,1.5422699388776553,25117.0
6516.0,2048.0,1000.0,100.0,0.997,,0.8313001976658008,23833.0
6516.0,4096.0,1000.0,100.0,0.999,,1.0331047760389096,23677.0
25077.0,1.0,1000.0,100.0,0.995,,26.416181340980536,45452.0
25077.0,4.0,1000.0,100.0,0.997,,4.072473620222956,29007.0
25077.0,8.0,1000.0,100.0,0.997,,2.7920292279664,23647.0
25077.0,64.0,1000.0,100.0,0.999,,0.9354018361221896,24218.0
25077.0,256.0,1000.0,100.0,0.998,,0.918037130470208,23282.0
25077.0,512.0,1000.0,100.0,0.998,,0.9405069013016584,22533.0
25077.0,1024.0,1000.0,100.0,0.999,,0.8956663360367991,21474.0
25077.0,2048.0,1000.0,100.0,0.999,,1.1444557285887242,23183.0
25077.0,4096.0,1000.0,100.0,1.0,,1.344105300969049,22369.0
5200.0,1.0,1000.0,100.0,0.982,,26.642499112739262,44824.0
5200.0,4.0,1000.0,100.0,0.994,,3.826995177905825,31521.0
5200.0,8.0,1000.0,100.0,0.997,,2.248595894918912,26221.0
5200.0,64.0,1000.0,100.0,0.999,,0.6191915048002601,24847.0
5200.0,256.0,1000.0,100.0,0.992,,0.9412070890472446,25473.0
5200.0,512.0,1000.0,100.0,0.998,,0.562259245317793,25468.0
5200.0,1024.0,1000.0,100.0,0.999,,0.6115239589717356,25062.0
5200.0,2048.0,1000.0,100.0,0.998,,0.9883038915361476,24278.0
5200.0,4096.0,1000.0,100.0,1.0,,0.621940054650199,26121.0
57665.0,1.0,1000.0,100.0,0.994,,26.593407952473,46033.0
57665.0,4.0,1000.0,100.0,0.996,,5.287183476987337,30759.0
57665.0,8.0,1000.0,100.0,0.998,,3.172440887535477,28144.0
57665.0,64.0,1000.0,100.0,0.999,,1.056922990905183,25259.0
57665.0,256.0,1000.0,100.0,0.999,,0.8418990467146685,25994.0
57665.0,512.0,1000.0,100.0,0.999,,0.8847584402294695,26230.0
57665.0,1024.0,1000.0,100.0,0.999,,0.6963002261817448,25136.0
57665.0,2048.0,1000.0,100.0,0.999,,0.9931531584415272,25219.0
57665.0,4096.0,1000.0,100.0,0.999,,0.8978503690838728,23343.0
60244.0,1.0,1000.0,100.0,0.995,,24.32458162144109,42584.0
60244.0,4.0,1000.0,100.0,0.999,,4.30395370126953,31341.0
60244.0,8.0,1000.0,100.0,0.999,,3.2502064588426944,28206.0
60244.0,64.0,1000.0,100.0,0.999,,0.5040699582064156,25249.0
60244.0,256.0,1000.0,100.0,0.999,,0.9975909244096992,27111.0
60244.0,512.0,1000.0,100.0,0.999,,1.3253258460801276,24631.0
60244.0,1024.0,1000.0,100.0,1.0,,1.2265744555627018,23549.0
60244.0,2048.0,1000.0,100.0,0.998,,0.7621387237697074,24500.0
60244.0,4096.0,1000.0,100.0,0.999,,0.5680528044527882,24635.0
95820.0,1.0,1000.0,100.0,0.992,,26.99353665741308,43926.0
95820.0,4.0,1000.0,100.0,0.998,,3.5390134057068963,28970.0
95820.0,8.0,1000.0,100.0,0.998,,2.446547366337695,28173.0
95820.0,64.0,1000.0,100.0,0.999,,0.9611738386087044,24456.0
95820.0,256.0,1000.0,100.0,0.998,,0.4372095577188941,23802.0
95820.0,512.0,1000.0,100.0,0.998,,0.5772742602645902,25157.0
95820.0,1024.0,1000.0,100.0,0.997,,0.4670483139294992,23586.0
95820.0,2048.0,1000.0,100.0,0.998,,0.7735077325290293,23365.0
95820.0,4096.0,1000.0,100.0,0.998,,0.9895742014244504,23542.0
85261.0,1.0,1000.0,100.0,0.993,,25.317830531560016,43067.0
85261.0,4.0,1000.0,100.0,0.997,,3.2811534100299875,29551.0
85261.0,8.0,1000.0,100.0,0.998,,2.345314299357354,25742.0
85261.0,64.0,1000.0,100.0,0.999,,1.1632323140336254,21961.0
85261.0,256.0,1000.0,100.0,0.999,,0.8796649023794141,23337.0
85261.0,512.0,1000.0,100.0,0.998,,0.8489962150391154,22485.0
85261.0,1024.0,1000.0,100.0,0.995,,1.2071640983649676,24012.0
85261.0,2048.0,1000.0,100.0,1.0,,0.7232248388295693,23254.0
85261.0,4096.0,1000.0,100.0,0.996,,1.200974753262563,22403.0
87654.0,1.0,1000.0,100.0,0.988,,30.330897785449324,42572.0
87654.0,4.0,1000.0,100.0,0.998,,3.5100575840705743,31857.0
87654.0,8.0,1000.0,100.0,0.999,,2.833850014170662,27238.0
87654.0,64.0,1000.0,100.0,0.999,,1.709639091024993,25032.0
87654.0,256.0,1000.0,100.0,0.999,,0.4462316394884609,25483.0
87654.0,512.0,1000.0,100.0,0.999,,0.9550041888413056,24694.0
87654.0,1024.0,1000.0,100.0,0.999,,0.8133925879184487,24475.0
87654.0,2048.0,1000.0,100.0,0.999,,1.2801952015375548,25099.0
87654.0,4096.0,1000.0,100.0,0.999,,0.9090086330252344,24956.0
53536.0,1.0,1000.0,100.0,0.993,,26.54077820026067,46459.0
53536.0,4.0,1000.0,100.0,0.997,,3.296433299970215,30327.0
53536.0,8.0,1000.0,100.0,0.997,,2.0634588124281223,25854.0
53536.0,64.0,1000.0,100.0,0.998,,1.1776019947462597,21876.0
53536.0,256.0,1000.0,100.0,0.998,,1.1046215939337356,23170.0
53536.0,512.0,1000.0,100.0,0.998,,0.5395785866051424,22844.0
53536.0,1024.0,1000.0,100.0,0.998,,1.3063476567127126,24137.0
53536.0,2048.0,1000.0,100.0,0.998,,0.5266198464654577,22934.0
53536.0,4096.0,1000.0,100.0,0.998,,0.7472152768230713,24034.0
47655.0,1.0,1000.0,100.0,0.993,,25.84483644427876,41646.0
47655.0,4.0,1000.0,100.0,0.995,,2.880448827186495,27996.0
47655.0,8.0,1000.0,100.0,0.996,,2.781687932086405,25032.0
47655.0,64.0,1000.0,100.0,1.0,,2.0842333433556792,20826.0
47655.0,256.0,1000.0,100.0,0.999,,1.068371475072769,22234.0
47655.0,512.0,1000.0,100.0,0.999,,0.9054792734301444,21753.0
47655.0,1024.0,1000.0,100.0,1.0,,1.2299262490332188,21916.0
47655.0,2048.0,1000.0,100.0,0.995,,0.914027505422652,21028.0
47655.0,4096.0,1000.0,100.0,0.999,,1.2794454557964163,22046.0
